filename,fold,class_id,category,MFCC1_mean,MFCC2_mean,MFCC3_mean,MFCC4_mean,MFCC5_mean,MFCC6_mean,MFCC7_mean,MFCC8_mean,MFCC9_mean,MFCC10_mean,MFCC11_mean,MFCC12_mean,ZCR_mean,MFCC1_std,MFCC2_std,MFCC3_std,MFCC4_std,MFCC5_std,MFCC6_std,MFCC7_std,MFCC8_std,MFCC9_std,MFCC10_std,MFCC11_std,MFCC12_std,ZCR_std
1-100032-A-0.wav,1,1,dog,0.550105167483251,-0.427189935313321,-0.158364805062557,-0.275162016105588,0.106550000038268,-0.0938198911534881,0.040821217515378,0.00374206501036857,0.0408185461198953,0.00345619116737961,0.0146601615229932,-0.0531205485876416,0.00737746519721578,1.94961180619533,1.69139818903598,0.590636386576687,1.07972394683025,0.449137372099669,0.429076472058678,0.196255548175201,0.0901257204072769,0.199602938220477,0.0832270672350751,0.0977937827050647,0.212187487207446,0.0343178641330996
1-110389-A-0.wav,1,1,dog,1.06059403468138,-0.140577403233251,0.0327913095616174,-0.238813178069822,0.132550967714997,-0.0147173591191093,0.107545632770558,-0.0417841521700357,0.10166471344083,0.0498945828331286,0.0893312237128191,0.0960187282408102,0.00229979335846868,3.0571097001231,0.894498264961778,0.183016224824167,1.06622369710834,0.406042674429948,0.259644036289174,0.330711116258351,0.319799295766941,0.30784604033644,0.228398636756117,0.313637236229135,0.300240303756873,0.00981677606523448
1-30226-A-0.wav,1,1,dog,11.0881826882328,-1.70934104774602,1.70373626663681,-0.933888830235826,1.81833375005159,-0.119522451236518,1.07577347536596,0.0330069018199748,0.618023746335748,0.141374028876031,0.226786251071276,0.33320870003657,0.0261361019175652,1.13287201711427,1.7081305751613,1.10537947850393,1.14832039905129,0.530161086783911,0.39695161471749,0.407655171247638,0.399485082515098,0.373371001423523,0.370582983115671,0.352977474296829,0.403409590108042,0.0214180132171515
1-30344-A-0.wav,1,1,dog,9.84633241456723,-1.59796263310828,0.460144198871679,-2.55685436725008,-0.00326618762999799,-1.98983233970469,-0.323395081007546,-0.450314446069962,0.331394644491596,-0.578054820137795,0.191228220002042,0.418491807508409,0.0427386240531595,1.53793590610586,1.99616950290001,0.596816439649686,1.92581400275601,0.907518776975456,1.14699120664777,0.619186182933302,0.465714652092648,0.268815942917191,0.619923216476415,0.354134821138012,0.351771904744513,0.0261992171694104
1-32318-A-0.wav,1,1,dog,8.7922547619302,-2.01270313834346,1.77674521185065,-2.33960442159112,1.95783845039209,-0.707287247643945,0.356829757104688,-0.783097272711193,0.345912394524607,-0.0162661799192223,0.201150403668284,0.420981808077942,0.0773478284512761,1.62844583901653,1.77671977253407,1.04485049629908,1.18197342804804,0.457837769044112,0.925775737824829,0.769856804090601,0.587505766736289,0.634467880266373,0.426865664054982,0.567877026136562,0.426217646736744,0.0571336755243592
1-59513-A-0.wav,1,1,dog,13.0841047579101,-1.07952865487332,1.88859692504915,-1.9631269947297,0.197618761019889,-1.36551756338879,-0.466555234165686,-0.068739131083005,-0.58398127118155,0.135073141233194,-0.644219634803946,0.0800214248312283,0.0261590798587416,2.30885421559527,1.32835082744879,1.14095396700647,0.840382190395643,0.963125171274263,0.697029398043965,0.505510836086002,0.422775936151038,0.392094311298655,0.357800199580286,0.330537188524798,0.381011235177638,0.0105288465539935
1-85362-A-0.wav,1,1,dog,10.2517903670406,-2.68209138686901,-0.752055388249206,-4.61494223758539,-0.06400772178934,-2.07484089197241,0.327100659804863,-0.530226351091632,0.738793669584178,-0.275140337487898,0.371443481549299,0.664668378294783,0.0402568198102907,1.6599000799723,1.27823864198152,0.921873682704991,1.09209814171327,0.513094978165529,0.453465292150318,0.619936364090436,0.437217581803877,0.37557569524181,0.402182813216658,0.37149296824363,0.52396732551596,0.017602630015408
1-97392-A-0.wav,1,1,dog,4.43176939114723,-2.08843964967703,-1.20013145808053,-1.84746708762322,0.0195612619944527,-0.895295671680136,-0.318750591578008,-0.0791852809645408,-0.100626145137906,-0.138476028618026,-0.29174345150364,-0.0704060753441183,0.069372190400232,4.25392014649874,2.85863897282689,1.31773705991755,2.26685118685762,0.747364441656595,1.13295220445662,0.662711239033381,0.481222901727118,0.586287885730813,0.271910752273612,0.468535581568693,0.270684944500976,0.127488915571154
1-26806-A-1.wav,1,2,rooster,6.8292864623357,-1.46541540232751,0.034012345532043,-1.31269525131792,0.256441665399448,1.07581856378649,-0.345217499205967,0.0540798883050877,-0.309575757092725,0.0895392221290641,0.795763143595078,0.23824056190517,0.0287258918213457,6.75667354246437,2.30564360511739,0.74923279377828,1.55287328711963,0.642222777847643,1.21594022956737,0.776770600291901,0.622128772843554,0.656583065616694,0.576597359315565,1.00507480396777,0.6693361763094,0.0288932224648658
1-27724-A-1.wav,1,2,rooster,3.73232229815805,-2.15717835817878,1.01272488242367,-0.802426069414109,1.54991349914739,-0.796112795223888,0.710471566861055,-0.475059111493792,0.711530971608874,0.0690330490574484,0.299980507096562,-0.195549022422119,0.0389016277552204,4.45916049628368,2.74756294265002,1.25535860906475,1.02529666316263,1.91023606406946,0.980415597025607,0.883852544488675,0.614080251433476,0.870052619465912,0.302862730112959,0.401594460618194,0.297226842407286,0.0484407968173731
1-34119-A-1.wav,1,2,rooster,4.40451387774954,-1.81323215673147,1.11894066305362,-0.229285831822126,-0.562306218947389,0.549464976766581,0.0133161626392878,-0.0876809961703897,-0.0276397103531447,0.15046200488052,0.158181829174766,-0.0363755932955996,0.0356751196345708,5.81882847111736,2.58505909028504,1.69617850477252,0.896871138974345,0.905381305936395,0.847614147173535,0.579888566027449,0.79180653218925,0.559293727277886,0.604083446927659,0.582815117165556,0.591236795674037,0.0516816665904896
1-34119-B-1.wav,1,2,rooster,4.35576340340297,-1.3379709215369,0.89226939247484,-0.77454797607227,-0.654195505975711,1.64475935375095,0.194999622131711,-0.469782512516919,0.411529084007164,-0.126755332510231,-0.0670431980993912,0.310905942910197,0.0651736513921114,5.38222360344147,1.84257725517514,1.34572089850061,1.27147654197386,1.3132405339577,2.25465813634606,1.22402282702973,1.05388897494637,1.18792691650736,0.802920476591261,0.763071997386469,0.763565407457294,0.0877378949485737
1-39923-A-1.wav,1,2,rooster,4.95689196029564,-3.03658732939199,0.624128201070955,-1.76416354369532,0.737220785774469,-0.302887220372011,0.829216440759649,-0.389548271731467,0.264253243199162,0.266552071647326,-0.00596574233379793,0.372161965025951,0.0344198629640371,5.05022194893782,3.407183971698,1.05907265713083,1.9059461514645,0.82956587321707,0.504196536339853,0.886595801562471,0.48880595875118,0.371946861390018,0.427438388441082,0.419485263285652,0.558655177969551,0.0360085591443225
1-40730-A-1.wav,1,2,rooster,9.04635325646736,-2.44253053218025,-0.7367562895138,0.507291198493726,1.04245917923784,-0.522363588518383,0.560692949018596,0.373384770416022,0.315623970153384,0.129719385652378,0.711051872338475,0.370138778392926,0.0451575188515081,6.82787475482491,3.23462915975624,1.65577109738687,1.09911866233165,0.992243984303989,1.23546984646365,0.866622012200741,0.885550319732607,0.90150030395335,0.897561484030419,0.862616754176863,0.834143517039671,0.0439306050789018
1-43382-A-1.wav,1,2,rooster,4.32865885252308,-2.8274680379814,1.28639826246311,-2.30183566042182,1.88213064553341,-1.05615282269287,1.61144790890587,-0.495873731555005,0.730819702381823,0.904334731933798,0.504333446028074,0.892987278585862,0.0448108504930394,3.31874276254263,3.25941371405656,1.2759358555072,2.5349462179834,1.62493984708654,1.49244802132555,1.3569505263469,1.13167216320941,0.932619948997194,1.09288243857947,0.883597995582649,0.98377889676668,0.0406801934200824
1-44831-A-1.wav,1,2,rooster,4.27530777172611,-1.14459819010631,0.781136049718883,-0.447752948196366,0.733530238012148,-0.554370551450396,0.782978855205585,-0.262963012966073,0.362488810725779,-0.168132805185093,0.407497465825758,0.0515693673863518,0.0276858867459397,5.37798250377371,1.66890251441183,1.11504914856412,0.653070732991982,0.978029427237026,0.76207026884076,1.03149632572237,0.424401489844227,0.513215437273501,0.336014030300938,0.566762549843875,0.190072474407951,0.0393001427110544
1-17367-A-10.wav,1,3,rain,15.3078586463974,-10.7602082510982,3.23833946278926,1.11671785820174,-2.28447587096091,3.61958448808178,-1.00424755192092,-0.643063104273451,2.1065635608223,-1.62919787212581,0.821692118124394,0.267296344256034,0.136126041737751,0.605643257362441,0.605285866684916,0.35343259967688,0.335624753572702,0.376395594062974,0.308311375387003,0.313992629326494,0.273792100849456,0.262682489670157,0.219685847011029,0.269070409311032,0.242354232158977,0.0159242359749229
1-21189-A-10.wav,1,3,rain,12.4625879620391,-10.0683201581552,5.17948855424016,-3.26120008935953,0.415527675802902,0.803772666886292,-1.83202305852098,2.02688727652918,-1.40712133821622,0.319205939376436,-0.0301015132978214,-0.653970369790191,0.154995942873959,0.766865488504389,0.629173618983241,0.435481649732539,0.521069154043068,0.658093220094843,0.612244581544488,0.490866683465878,0.343061871789948,0.362093662954405,0.487974875714798,0.546601915819585,0.53793392048193,0.0172128755453949
1-26222-A-10.wav,1,3,rain,6.0203109471267,-3.51964088896244,4.33518028162758,-3.58922621241182,3.45701136095927,-2.13574155193914,1.84492065749999,-1.18759412623747,1.34734738278796,-1.11091496031353,0.628128287909214,-0.527801534282263,0.252421960300942,1.1265405626366,0.970501110400028,0.89678249738651,0.815203124943414,0.690395384282095,0.625867214242263,0.548895702826393,0.470414339938454,0.395295477905757,0.35829768209084,0.305943518979973,0.365034147093304,0.0314768004653063
1-29561-A-10.wav,1,3,rain,9.18254881083633,-6.35907104144914,3.91290360387165,-2.56885223608391,2.57358212327143,-2.77632164272876,1.08558457174744,-1.49230592214233,0.939035879527153,-0.69891674138225,-0.299006700272562,-0.500458916111267,0.121811024293708,0.447425839116608,0.536803125604068,0.321152823951767,0.388928884208691,0.285857486509417,0.3026172305276,0.263942441143436,0.25954103625294,0.223774031350276,0.214913422082194,0.194930977833525,0.199950093787556,0.0147183139978753
1-50060-A-10.wav,1,3,rain,3.66257018766263,-3.16244364145608,2.02312281005769,-1.86571623287938,0.751973756167976,-1.94435269997304,0.916501994807009,-1.79825202605009,0.592189388868797,-1.39403656251817,0.428650563779204,-1.10839889578011,0.226118188719803,0.357410208895352,0.319965795963638,0.297798179321185,0.325025356738497,0.291395353696885,0.30655287668934,0.283712691681834,0.286297148498949,0.252848883092092,0.277665525013102,0.256489481660447,0.262078414602787,0.01921687650747
1-54958-A-10.wav,1,3,rain,10.7206977605374,-7.69007898517563,5.10074124665267,-3.31268262521981,2.30916271655489,-1.17464426834336,1.01839187108184,-0.134643946308487,0.604855561356724,0.00107287180237459,0.370516611679709,0.0355911337024509,0.137395346407124,0.489928852954756,0.377653978288856,0.358031207635755,0.318935713645412,0.270956815200947,0.258369675373394,0.24275065026035,0.218783975441954,0.229107689968925,0.215571290816186,0.227713956999794,0.208820726551997,0.0162949845594694
1-56311-A-10.wav,1,3,rain,9.08947538792819,-6.58023063683529,4.68713428000626,-3.27462050142838,1.80185332320067,-2.43121898495698,1.2504609858925,-2.03722825752134,0.901042686804335,-0.851284566618155,0.106583208736656,-0.103807878878139,0.151920044228538,0.45412028575416,0.418719225656589,0.369583977368111,0.331096224464302,0.312906681710053,0.302368518383473,0.291365222524228,0.24549911094032,0.25746092623845,0.245042709295931,0.251502121864135,0.253460008505517,0.0197264854079916
1-63871-A-10.wav,1,3,rain,7.35020385739997,-2.59167402733773,2.05434200882073,-1.35442234509697,2.14386519106631,-1.30821046505698,1.61355137044731,-1.30675369852905,1.67724460614944,-1.42555761873016,1.5259240187803,-1.26129474595114,0.101420900436741,0.405330222714811,0.313631330406518,0.369636328562399,0.26714760871605,0.311554433679611,0.257055380545659,0.279159048914809,0.250877658805927,0.220609709384961,0.231271772599405,0.224286386401387,0.259553992291672,0.0261092387910724
1-28135-A-11.wav,1,4,sea_waves,10.6362683242091,-4.2390406676812,3.75574091105222,-3.68697259829767,2.73223895025306,-2.51317452197456,1.17710543752311,-1.2968067329802,0.556068774784578,-0.55706126137544,-0.0136304809186401,-0.00321799463907463,0.0674332733383377,0.552220342646048,0.41018649656984,0.53005742551879,0.30914055120442,0.438319926620487,0.289715606079084,0.391410238873741,0.251419230331165,0.260846609099348,0.260899196598788,0.234428635496549,0.23752235932202,0.0166658085743758
1-28135-B-11.wav,1,4,sea_waves,10.8994312614359,-4.20434939617537,3.65294258421687,-3.5223957045132,2.85894935870852,-2.29093833952632,1.45095735070932,-1.02989251323417,0.707408666671211,-0.376747797300276,0.0932375344865205,0.0564398539081608,0.0648975162498294,0.564194635004221,0.60221892565365,0.394451889291657,0.364464873312734,0.368687414208778,0.345424796232305,0.331042819917795,0.2972336445205,0.272123986930664,0.247871135056506,0.258585622642318,0.240352034829147,0.0219860695345324
1-39901-A-11.wav,1,4,sea_waves,10.0182413662151,-3.63007196499782,2.58663635294806,-3.57959409956078,1.79675458068423,-3.06139985252101,0.921833056644579,-2.08997571514036,0.258498497473009,-1.05177812540576,0.0524518873793644,-0.387935133476364,0.0511033943377235,0.938990800366108,0.655234472620101,0.606271544735355,0.554790564584592,0.483353715834148,0.489487315349717,0.363070249860503,0.401945528705558,0.34737196014913,0.344867234229764,0.340247723920308,0.321813000310353,0.0190190704118345
1-39901-B-11.wav,1,4,sea_waves,10.1976998973109,-3.56529122284549,2.65263421044261,-3.78836177707575,1.81529094722493,-3.23170296681309,0.958508280596871,-2.11186005326475,0.272631878172459,-1.03182377093106,-0.0960476906876186,-0.512615718998575,0.0506410365770438,0.637992164389532,0.52642155411651,0.612703445141073,0.465320507834472,0.437243497900216,0.470369685303193,0.314141660017259,0.411870202658406,0.292792908955495,0.318934822515426,0.263851994759354,0.288739574013663,0.0153112903174436
1-43760-A-11.wav,1,4,sea_waves,7.31354070778025,-6.35562482198299,0.749339164235532,-5.22726822465848,1.23368152426274,-3.99109589234476,0.617956507603318,-2.68555236437318,0.430224406158387,-1.70692961142298,-0.059445622413287,-0.784359243803469,0.0944237708134298,0.816508081135852,0.823432106215478,0.608224442683522,0.599728093113676,0.492333003701223,0.480997089603518,0.386904976846402,0.331585276273458,0.288181230653647,0.339159363030198,0.334774786850367,0.343425678230682,0.0180666530729692
1-61252-A-11.wav,1,4,sea_waves,9.98567626890213,-3.94383259676538,3.97318771527432,-3.26418512152007,3.33684940811975,-3.10331790507631,1.62380170264379,-1.74920757235193,0.737735963253874,-0.864880147988947,0.479077878526638,-0.249833080816377,0.0783886865360994,0.44060326748779,0.423846450386007,0.293928625567643,0.396920104818289,0.319874152227924,0.375555075501291,0.264333147217951,0.26787093146981,0.236687326733792,0.28075621053518,0.221603413938611,0.21054648100821,0.0185010514086876
1-91359-A-11.wav,1,4,sea_waves,8.59089966407113,-2.95356386653357,3.28554999670834,-3.53322795947207,3.06649757638741,-2.88029898290533,2.53797350168446,-1.86157352618321,1.79688987607005,-1.32815751097758,0.97881600132506,-0.738495095143318,0.109999669458851,0.800367268924229,0.707713797418073,0.542853826882354,0.547853210974306,0.429034925547967,0.415368802372767,0.281662805765173,0.292680888431628,0.294040821785329,0.327009598929742,0.348426013249969,0.438247541406839,0.0260351436110075
1-91359-B-11.wav,1,4,sea_waves,9.16743132689614,-2.70330278408437,3.58723396278215,-3.04103508928663,3.00668846756418,-2.41586970823316,2.61591683535772,-1.5731121711329,1.88582962597149,-0.975583903772661,0.989499567598498,-0.409271314851345,0.0722974529138802,0.924867870472912,0.709988776837993,0.567279256454154,0.494948184159081,0.440932362651315,0.441855263428502,0.313963342188113,0.326780432812178,0.286911547972198,0.38818838262282,0.395907489575401,0.435839420459998,0.0328841705425376
1-17150-A-12.wav,1,5,crackling_fire,5.96367504551952,-0.33206882957201,2.99766156036907,-0.645525494224126,2.61462891494615,-0.63470676763293,0.595644671690484,-0.65771736017055,1.36588106179674,-0.818534196109546,0.514370666559771,-0.55969996818778,0.0727421906987853,2.02772251778717,0.728186507141247,0.996210298566178,0.706674139800459,0.67012268309437,0.519318635992992,0.619234344295668,0.45545170307871,0.423013848742737,0.402928906080583,0.427705896556816,0.370432543839331,0.0728539329823529
1-17565-A-12.wav,1,5,crackling_fire,5.78300832311792,-1.75475714436357,2.41407654502084,-0.430589231168528,1.61700633407014,-0.280793905026682,0.512398085810493,0.00325036267237304,0.895815295210822,0.0847573674488573,0.524016320405994,0.217786210154485,0.0719905827760338,2.21325805001983,1.07925648663466,1.27729689136869,0.759744049991736,1.05422188161004,0.6393872221026,0.756981415525656,0.542628056744113,0.516186615931948,0.541710813483432,0.403893042737841,0.41383496367033,0.0598335952554803
1-17742-A-12.wav,1,5,crackling_fire,1.53847749445423,0.79144972404377,1.20824198902063,0.336347261464524,0.244752552651591,0.0220281841705989,0.102262666302148,-0.113942081571139,-0.0148009281136614,-0.208615059406813,-0.054568429317372,-0.0926815240648905,0.310978417795482,1.02879121311757,0.76163232145797,0.442309890851626,0.335774778867781,0.30563855748674,0.271096861659468,0.272416017006745,0.25208727063657,0.237975574695839,0.260252226923244,0.245533098235755,0.235463994170371,0.0507258058974616
1-17808-A-12.wav,1,5,crackling_fire,7.20330240921446,-1.16635112073328,3.84662754931701,-1.06308918456104,3.41590502587754,-1.25378707173548,2.70527630312075,-0.948652385792001,1.83467100187716,-0.0328377736540909,1.01371395445157,0.135183197477473,0.0248135907857923,1.20584106041047,0.537316318691036,0.592188894566439,0.367553313196113,0.35751826140359,0.329290774611345,0.297197031233304,0.287260501236555,0.251044260752826,0.280160257255704,0.296381640849822,0.353376649104542,0.0302590293814928
1-17808-B-12.wav,1,5,crackling_fire,7.40410395398611,-0.926842907079789,3.99308960420983,-0.845936203557889,3.43586139024732,-1.11974716614888,2.39698200560753,-0.66497429386562,1.5669959474361,0.106302619483944,0.720627143883116,0.172774721702196,0.0242668117493517,0.822493702199112,0.481623550923214,0.425620200838143,0.394050250620032,0.346195257619084,0.371159792092525,0.269789977389984,0.30776816527881,0.285476327431192,0.289348756431002,0.242809861335844,0.270485802024893,0.0391936592744693
1-4211-A-12.wav,1,5,crackling_fire,8.95142992883068,-2.18464872387592,4.98119122311417,-1.05920950931339,3.79311124765199,-1.07953446607113,2.14846215137378,-0.261680761501818,1.29691270082754,0.33713348572004,0.3677283377442,0.794343058934032,0.0251255523235977,1.163286703368,1.49135152134645,0.64359458983241,0.789897023213623,0.508499579251693,0.527911244311444,0.439813005179502,0.397936782235628,0.297055199274275,0.295235540800617,0.271851316434499,0.266524419031543,0.0426104094466126
1-46272-A-12.wav,1,5,crackling_fire,3.47338226738526,0.508351775855844,3.94873775456607,0.739669809051515,2.35435840906482,-0.490369582677687,1.11359214236998,-0.60777291331577,0.878329261624292,-0.558211991461296,0.820512900916598,-0.734682645168191,0.0988813847754879,0.835732559818454,0.689233959932765,0.511907694992094,0.39545219811407,0.34021754655619,0.308840638611319,0.311026369603561,0.309003190097118,0.290269597531488,0.281488218914619,0.255477612051661,0.26081687090582,0.0626660877879868
1-7057-A-12.wav,1,5,crackling_fire,6.24564058380023,-0.916019429836377,4.84142037048124,-0.839591438502373,1.90807854625638,-0.891753797017305,1.50554975369122,-0.381690155990488,1.15275521497838,-0.120037466677765,0.47725974276416,0.000460675511868303,0.053714269568036,1.05280544217357,0.980623530899769,0.699876792453995,0.558372776308537,0.479447529326144,0.336278503204337,0.325331384188554,0.272294838192851,0.277223452842258,0.292745056034046,0.244831638625485,0.267453365070081,0.0378417663350233
1-187207-A-20.wav,1,6,crying_baby,10.0644890947788,-1.38994958199362,1.54720075209357,-1.17863999480888,0.138968606567027,-1.28769297449641,1.51840781569636,-0.726113767102235,0.426706894614711,-0.0798226219486508,0.395012181093451,0.236058784598012,0.0528592075969019,3.25368733863924,3.91282129863953,1.32084038459932,1.95094181834386,1.11866273620438,1.4166295908848,1.36630267470889,0.834366258046363,0.45112613553878,0.588126958194773,0.704672117713884,0.743198236152054,0.0494413959496951
1-211527-A-20.wav,1,6,crying_baby,6.14346014501061,-5.8820346891936,2.87328136489972,-1.61426477609966,2.28327989703845,-1.66992780042439,1.48934744242614,0.10166004440669,0.756891154169219,0.563664934652448,0.333815021565837,0.165945377194141,0.107225682834038,2.50199539831288,2.26056034836268,1.64032012454869,0.872399158947609,0.834540987135767,0.767472378392243,0.827680110962176,0.663076026519318,0.541429431798024,0.61457743966531,0.391168011388366,0.576403556317593,0.054461578667135
1-211527-B-20.wav,1,6,crying_baby,9.18106062992124,-4.88531952889936,2.2018989016791,-2.19638154367312,1.78985400840719,-1.88522213698392,2.44793473433114,-0.401411242197871,1.21677393371674,-0.258605679756865,0.130253566731266,0.40951737858873,0.0619088111607752,1.2086687899022,1.86942568269927,0.870159034489923,0.68540472399463,0.747974825655931,0.784299879359184,0.571182848471674,0.452624457899261,0.307582136741314,0.513514225081322,0.482476779212374,0.431427604864149,0.0358840947558846
1-211527-C-20.wav,1,6,crying_baby,5.35627655319357,-6.53358459449203,2.49245554487823,-2.50797403134869,2.10807202687664,-2.29706062726621,2.04075816438144,0.289818356262227,0.896092051966885,0.16633455077056,0.529635704187985,0.463737809495066,0.105070394602156,2.41437944612214,1.79981355355075,1.33242009489411,0.806630909889806,0.898022061629031,0.858210988558454,0.731146622795703,0.438226159149507,0.644996966718837,0.521084259747235,0.428780562522109,0.47077120281361,0.0423764262766598
1-22694-A-20.wav,1,6,crying_baby,7.67267179954472,-4.2686101230367,2.90387213048583,-2.61654666551247,2.285003343099,-0.933705725592804,0.998061707079993,-0.489172683909114,0.786788200856315,-0.139921692767387,-0.344672793865016,0.335404673968382,0.110419909879555,1.34593683671611,2.71844180281989,1.04863291353521,1.14585244167255,1.01842625695839,0.870124384840901,0.563282087263722,1.0208927108564,1.38712681226906,1.39778969457464,0.583850602269048,0.821960911812366,0.0527356867960087
1-22694-B-20.wav,1,6,crying_baby,7.90493467159342,-2.7922906655653,2.85594407786532,-2.36546063625301,2.2898206563422,-0.92028369383485,1.05834188331777,-0.623971017267199,0.671074097854519,-0.126540699684833,0.0565774051970054,0.0973588479105512,0.0871411496007916,1.88348983745616,2.88722846668595,1.00251835103122,1.26122945305589,0.841583444496288,0.751260022011501,0.608937132364012,0.622017545874244,0.786299050789494,1.03416471295547,0.630280978794021,0.728679728370912,0.0589379429283391
1-60997-A-20.wav,1,6,crying_baby,5.1343844317959,-6.45309471595007,1.7903952304174,-2.57951869021384,0.179250872213206,-1.85325979832095,1.55982331782749,-1.10804943451378,0.628905214141996,-0.736363930617373,0.0764046994569691,0.0140274463043339,0.160454510074041,1.32261348165905,3.10115309515211,0.744126711994979,1.06081281394082,0.956077592505918,0.869906205612991,0.615607450114329,0.709217243576379,0.524736572786728,0.565270450060217,0.534318164572206,0.443269313970763,0.101902289017483
1-60997-B-20.wav,1,6,crying_baby,4.50788460801918,-8.29899047848676,1.88387515521214,-2.54997526192649,0.143410654337528,-1.63042019444913,1.12526319140582,-1.19740140086978,0.708542117550897,-0.862052134745702,0.0309660112076824,0.0149671076104826,0.133334675046063,1.40207973190412,2.46196906203163,0.829545973459476,0.867061933198372,0.803442592588523,0.655014058919768,0.497875757909669,0.819888722064612,0.755161167897484,0.481577856909746,0.70146785409713,0.584070299609768,0.0621700124911293
1-26143-A-21.wav,1,7,sneezing,2.54123365755323,-1.29293635559957,0.540692116735462,-0.764148600707735,0.346902197735086,-0.450280875439312,-0.173188659771493,-0.314739364671581,-0.37271002128435,-0.123791350094378,-0.223045162394034,0.0532075023954282,0.0352128951566125,3.65923141237321,2.66981623424885,1.21024910944236,1.64136072405907,0.925639087197225,0.958804811248966,0.542138269882965,0.782113254514826,0.76362746199544,0.454283357756767,0.580870057618144,0.33373855309492,0.0589080345110903
1-29680-A-21.wav,1,7,sneezing,1.75980506905845,-0.248950466589155,0.873391613558517,-0.58890276071981,0.794602483670834,-0.432498048565921,0.449906242190422,-0.222974224408844,0.310467364362948,-0.320127149856268,0.191914023660573,-0.228950450910401,0.153741752465197,2.21515142770243,1.53667713195081,0.996398241089041,1.38373948372402,1.13888617280861,1.00254488202065,0.574292627799949,0.609423008295776,0.463425069239073,0.676193538347578,0.432386064789739,0.380217017374621,0.164228883142478
1-31748-A-21.wav,1,7,sneezing,1.45024631157749,-0.450496595604348,0.428384298994157,-0.289709836143183,0.261196253405148,-0.209295972612411,0.182685520302031,-0.255411438163648,0.136827075100509,-0.028106342146177,-0.0375701527573984,-0.106028667930452,0.0172042669663573,2.96817676294923,1.61080402076888,0.935818449527086,0.830392760214818,0.580164943743294,0.676656260866067,0.417836903638329,0.619540337922341,0.400945600458081,0.210203791919413,0.136453050978205,0.245755666986245,0.0416809567820148
1-47273-A-21.wav,1,7,sneezing,2.72150755002593,-1.18997344626027,0.739404437632823,-0.758248465958633,-0.045440619230723,-0.739698101441419,0.0105782487229846,-0.070715951020407,0.202149966545862,-0.0712569887481602,-0.0536646764513137,-0.31178303646689,0.0599283098897912,2.79681371635775,2.33170766282571,1.20630029493546,1.63651565102711,0.829076214440245,1.33988654921304,0.920680832451569,1.26516922634829,0.866736898138397,0.658383833328945,0.318772279542545,0.470162705399494,0.0755293665905401
1-47274-A-21.wav,1,7,sneezing,3.72193824014365,-1.85602553107474,0.395386084201873,-1.2433721411897,-0.0176283216565362,-0.693047710897976,-0.158537902103152,-0.447888231976202,0.101828542685773,-0.13320528327791,-0.0661665235935002,-0.161811510781852,0.0434377718967517,4.19602101114385,2.81992188308848,1.1481222325882,1.69524869347349,0.742370395983221,1.20710476957266,0.801149567464868,0.755885449931847,0.482883581931232,0.429301548791477,0.546814397944721,0.426877861654005,0.0691477571593083
1-54505-A-21.wav,1,7,sneezing,4.536902311054,-0.674891102106804,1.02917299068849,-0.669015818796571,0.884415967367976,-0.378916201175336,0.396176344171781,-0.0510196731551203,0.378359419092612,0.199023027540883,0.0989759427413137,0.0235015676395267,0.0514224731728538,3.64003915461066,2.4008598797018,1.19343190140027,2.17931025698609,1.0677278510876,1.42508433573641,0.825329281898695,1.0610143212154,0.954980612092486,0.891960053047895,0.905535537627626,0.845060092456045,0.0661507750444561
1-59324-A-21.wav,1,7,sneezing,1.81672470456099,-0.114461229533967,0.516295610649871,-0.187641758095638,0.24808498221791,-0.0981057627354508,0.0626751419608109,-0.178832091251436,0.00665660331239625,-0.123436113225718,0.0177259341794456,-0.0967420593793724,0.0189806590777262,3.13515255965953,1.30006259909869,0.907616062941873,0.619600185180463,0.669820520299989,0.339337875298505,0.375950164386352,0.609458571751858,0.278024741092057,0.351277326627514,0.315426059321553,0.290507996510937,0.047689235673258
1-81883-A-21.wav,1,7,sneezing,4.05252808664783,-0.321539303725827,1.50414658970588,-0.144894113163845,1.05447077412495,-0.0423690556314194,0.38543376124304,-0.0599810793807252,0.293610697069765,0.391990877391473,0.273704023991426,0.350805359877624,0.0164452218677494,3.9336565560265,1.97948033132698,1.65844679260639,1.48921790462618,1.25292354706021,1.22684866589646,0.96379221830101,1.1240537594865,0.880499165759953,0.826215363787172,0.825919572947241,0.808858852057113,0.0381185439947861
1-21934-A-38.wav,1,8,clock_tick,8.77465018022788,0.838948765169483,3.60743911204429,-0.149025983664692,2.84112523283186,0.269759370915362,1.51870983136373,-0.695907839498529,0.406828247065988,-0.206862220994484,0.352114011813138,0.286218856580516,0.0135608771495837,1.98265560952947,1.45967589547683,0.906332657392577,0.767425985618134,0.394104063678018,0.386489779875501,0.458256553373803,0.573871764412748,0.452120984041458,0.304905819770769,0.347384466090246,0.323717856839336,0.0158722243124787
1-21935-A-38.wav,1,8,clock_tick,6.87013458651474,-0.666063019800822,1.93521010984217,-1.05559887662017,1.41576521837984,-1.15178609863194,0.919842769894745,-0.831520945858208,0.566777266220963,-0.643433196098549,0.151160726545163,-0.485987825671808,0.0612704935512488,1.54394016716409,1.79690701681363,0.732983768914526,0.83971550143766,0.502528970424819,0.621862242484657,0.420789237306019,0.406740059797614,0.384761287880198,0.346627576824343,0.519091880127813,0.506427948838126,0.0266043702627108
1-35687-A-38.wav,1,8,clock_tick,10.7433965493187,-2.11975230430915,1.29607996578344,-1.85404323468393,-0.993712869844223,-1.49599950593784,-1.52596634874736,-1.46183722600183,-1.89478818501164,-1.47970158465693,-1.54605426478289,-1.12569198781245,0.0194883063071516,0.393122005005208,0.980497171629551,0.348232839854882,0.462750876108395,0.262819908717377,0.239246028866683,0.300469482296181,0.263463527285566,0.23555009128809,0.336019577086271,0.273355711798611,0.197520986915514,0.00927706538916903
1-42139-A-38.wav,1,8,clock_tick,10.5417130846172,0.320573855406283,3.94688389447759,-1.47347451196652,2.56764540756935,-1.47910502491149,1.52406902737564,-1.278180531346,0.959233036889879,-0.755390136417886,0.249052336587459,0.103696012502023,0.0171025989064419,0.560445375888731,0.751321312584113,0.463791636794292,0.306579979059663,0.34817270925184,0.333433375090732,0.499625890256288,0.403978705890852,0.25399684687597,0.398894857622887,0.408785058450552,0.318616569340508,0.0116752133224209
1-48413-A-38.wav,1,8,clock_tick,8.29673552181304,0.0063453071458284,2.53179941179949,-1.04646983638671,1.37881939960541,-1.47299018748447,1.17360948122281,-0.425643756235635,0.870447471637727,0.0369638406692736,0.550112382831316,0.149639181635794,0.0307584533233247,1.17974776714061,1.27432124467574,0.958083475399317,0.497296840095185,0.489967678625465,0.570484664975564,0.249708752888539,0.315983057078638,0.303956415477458,0.322309302460015,0.315159886070162,0.267996012790663,0.0255977899142726
1-57163-A-38.wav,1,8,clock_tick,3.2505219958853,-1.77109575032171,-0.915767937174491,-1.77589888169785,0.299983203775917,-0.675340558967362,0.883389716163462,-0.572439760796198,0.153063773275757,-0.705253630417854,-0.182528120530567,-0.725547834199569,0.167343547410263,1.65209384035899,2.82849261885147,0.949165926784323,1.06613155800884,0.619774890913576,0.700709198606138,0.661573366233329,0.717968838488741,0.393135240622562,0.635022668047305,0.478387289261233,0.45286228371178,0.0759273507787222
1-62849-A-38.wav,1,8,clock_tick,4.96908857098091,-0.605963547265154,2.82736650433657,-0.350153255167384,0.995109265853437,0.0263688700791248,-0.238400971737008,-1.11168204757423,-0.417605110616109,-0.310734522410667,0.233926731014417,0.321151063385823,0.095645973369046,1.78508955135615,2.22726105127356,0.889709468863755,1.69489878856567,0.65112508517826,1.33604737922202,0.807085870519663,1.02088081523926,0.761613081143542,0.718014599845349,0.647073475404313,0.683947408854726,0.0668410549471802
1-62850-A-38.wav,1,8,clock_tick,5.17135738208741,0.225992452386255,2.4491415054263,0.531199239264787,1.05854975124452,-0.311403693813679,1.11706596961674,0.308136292419753,0.468054051623582,0.459471426464359,0.918174224616331,0.212938384014548,0.106415857018561,1.22985346998478,2.70276767708169,1.08768753318923,1.28583805792802,0.959730194745206,1.08171672574936,0.856103989146942,0.723545966991442,0.820684146345159,0.630574611555242,0.972986856365611,0.845559599127248,0.0904959618787547
1-172649-A-40.wav,1,9,helicopter,6.72396333151709,-2.54830081547089,6.37148759648059,-2.95380114742077,3.15602744448942,-1.70838086101595,1.85185548288971,-1.89234238323093,1.70071699320964,-0.961029358764929,1.12798450503884,-1.19779929724053,0.202568251415996,0.609067189887504,0.695320164939699,0.630882397428028,0.541784784346368,0.562934150835948,0.528516057504352,0.381067506356844,0.375346405040177,0.339104756187874,0.337085874806775,0.326645770989746,0.284478483792422,0.0475977710254603
1-172649-B-40.wav,1,9,helicopter,7.64351681979595,-2.77079254103639,7.00898346748959,-3.43421247526925,3.67403623276745,-2.17120085959675,1.86146442647102,-1.87115703777631,1.24513066308178,-0.571790313430912,0.741997746055503,-0.658979820856845,0.169392742595878,0.489669692616223,0.416374182539456,0.413679460591913,0.412285118083147,0.441670557452807,0.365292525789906,0.41395009327201,0.319781611249467,0.355254676400042,0.381883290704055,0.296391378652119,0.318481129983873,0.0518101958928722
1-172649-C-40.wav,1,9,helicopter,7.11697872543933,-1.41994201107225,5.27072856854463,-2.93088043340962,3.34936497234353,-1.63752359654266,1.76969980220794,-1.70763405046868,0.994547910403517,-0.0795178797021257,0.723272786928616,-0.642136519117514,0.124659702555616,1.44144355995357,1.22333888307033,1.1332980207327,0.915296141545617,0.641517986724835,0.626166560921862,0.528353628155464,0.527537057307541,0.49860044579794,0.450230520220419,0.417202010046541,0.348555321414188,0.0580410352406229
1-172649-D-40.wav,1,9,helicopter,7.05434317252334,-1.76974545129347,4.82809490142348,-3.42039683064006,3.75193033480129,-1.39233808177821,2.33502339437895,-1.57672064920453,1.52450526574658,-0.813246694941247,0.53847528776551,-0.178872221071291,0.143592246570902,1.23115519951052,1.08795419665978,1.12005201212596,0.907937478036476,0.737093547068182,0.681411436915882,0.621426062528248,0.476731512515379,0.499204131437773,0.365814398683974,0.405876341407625,0.38323861495667,0.0716087662454481
1-172649-E-40.wav,1,9,helicopter,9.68553901587547,-2.32556923705254,5.29915123424194,-3.41314399142276,4.02621261518086,-1.32187637796194,2.03071151534406,-1.32607913960407,1.33017399687119,-0.482117810665649,0.32250478858726,-0.201040755181484,0.0531195620649652,0.724443036597281,0.514816994992893,0.332678788689585,0.390919462555513,0.367223876604174,0.421560192376601,0.456743816473215,0.354012520457409,0.343796206210495,0.247892441904927,0.253385094548628,0.26634353842149,0.0300769886412241
1-172649-F-40.wav,1,9,helicopter,10.5927909359886,-3.29884791116119,4.59048781810283,-4.23179841601299,3.09991809637064,-1.29865780919651,2.36041281493398,-1.0048714528366,1.36686391893444,-0.50071714017386,0.296717787892497,-0.229596586386913,0.0566568321789273,0.553823497098821,0.693707175349158,0.359250874722912,0.493943564960167,0.429591906140356,0.406664196317951,0.486488133194325,0.33960105594601,0.372166428786711,0.371225543101539,0.325065530257845,0.289075026481529,0.0234510481035203
1-181071-A-40.wav,1,9,helicopter,17.6474134294734,-3.81137134204058,0.978314096613889,0.765494311843055,-0.914497574943871,-0.616713240256373,-0.050221869936216,-1.10588903505974,-0.0244238979031524,-0.890027450523522,-0.113086298533398,-0.0119313209192812,0.0245774404599427,0.74129274437075,0.630596472759255,0.416490605023343,0.39593607402826,0.361871615551733,0.298195092259237,0.281386146827574,0.342857391568808,0.273914452308859,0.274148434628309,0.268912628400954,0.238919023432943,0.0060996052214265
1-181071-B-40.wav,1,9,helicopter,17.4392579789618,-3.56878584167965,1.62553017764168,0.0444160969347387,-0.575153597379414,-0.52398468043042,-0.286614538733808,-0.845147729142473,0.0412132818907863,-0.810315670714461,-0.149076978732445,-0.035779681433916,0.0230321605875529,0.623285238322787,0.561460872883064,0.329339770282723,0.462685591493258,0.324386405717255,0.314421138224833,0.310427654523218,0.294054878757248,0.319589815330267,0.261416272210017,0.283249195916498,0.26136545233299,0.00581528901662704
1-116765-A-41.wav,1,10,chainsaw,10.8761954331798,-5.78172205398738,3.57128095968819,-3.79196420945229,1.17991585498162,-2.28582114988458,0.566232241755807,-1.31608740006071,0.510323599673316,-0.836355583894671,-0.0587246480931999,-0.379507714584291,0.0526851670192439,0.527109633990696,1.20189358044086,0.367792766746421,0.661275137396131,0.286207186764262,0.281131941155376,0.326160233453455,0.328942382752713,0.257812903730231,0.243279348769732,0.2439714141388,0.25142007954372,0.0149662916315292
1-19898-A-41.wav,1,10,chainsaw,8.67860052615516,-2.35798232064053,3.41042137699263,-2.09935064549957,1.44106712312198,-1.19680399434842,1.12159401489185,-1.43225835201245,0.227352662571677,-0.28428995553202,0.0973547008143799,-0.289934666243141,0.0763588440016378,1.8305708290532,1.41188504072096,1.09335322872872,0.971948291074603,0.753362305757789,0.714853860651173,0.556114100900913,0.598944222544685,0.432875351393969,0.361874560600179,0.498392719182278,0.40864285899309,0.0380879527163873
1-19898-B-41.wav,1,10,chainsaw,8.65154006963778,-4.52846670617847,3.74088201488918,-3.9324734982834,2.56149986074197,-2.41648279663017,1.90791675367109,-2.26702706476561,0.860515235494775,-1.02754025834822,-0.125836616182235,-0.441227147216584,0.107651281220145,1.25098849440525,1.28162489008641,0.634136197752842,0.842501901029148,0.576467831932449,0.561330232940059,0.483208979275216,0.425966967272032,0.335891082870318,0.34004170449436,0.299910922501312,0.28578747354537,0.0389295556797638
1-19898-C-41.wav,1,10,chainsaw,8.35765105048571,-3.78924049981251,3.53257494338018,-3.74184504394887,2.61761894457387,-2.47190834843136,1.73836040086041,-2.11133298069256,0.750474370815581,-0.90625733846229,0.115277669041508,-0.464836647728274,0.108365996485601,1.04440911244534,1.13682874479719,0.883338912642953,1.2546112973303,0.979261091027795,0.814516577211662,0.606576076405544,0.467449836160503,0.544264647841697,0.501897571192736,0.351234767769912,0.363675280158215,0.0440508721490233
1-47250-A-41.wav,1,10,chainsaw,11.4866699632615,-4.75487637806723,3.48410681284819,-3.72528828374037,2.04190751899078,-2.22245398759428,1.57858291908667,-1.12950808327032,0.727514308472029,-1.23109030784463,-0.678138273127339,-0.186697353503897,0.0548143851508121,0.448983406735568,0.526638257990547,0.340269318361073,0.305670398676804,0.286550723884302,0.379759979981909,0.289626929043593,0.272830063594177,0.253694024973161,0.247366216478012,0.229715828487452,0.260103862232698,0.0125355018461723
1-47250-B-41.wav,1,10,chainsaw,10.9206149778256,-4.75492256806493,3.66856774740357,-4.26494861161782,2.03693973539042,-2.46166814347609,1.6144427771992,-1.20340872415775,0.516523043898505,-1.16370642105734,-0.865965994748208,-0.0411594270261914,0.0603638511669169,0.588191325374246,0.575287082181559,0.413098798134611,0.487512540307988,0.320741363426175,0.357454604244311,0.308554775215824,0.308133938992648,0.288407718916063,0.272506440907613,0.321843584108268,0.261435291209019,0.017820386976153
1-64398-A-41.wav,1,10,chainsaw,8.75080002848429,-4.24271550867737,2.85336423034606,-2.16871093688934,1.92403881645866,-2.1666794292063,0.957466198817892,-1.77368777619016,0.619022689787876,-0.714464635357605,0.00551064004851249,-0.172700591100165,0.0819250236710113,1.79840694470336,2.08976402144291,1.30861754398394,1.39986332853801,0.704764557915198,1.10266427561064,0.552313970205634,0.714254824820071,0.346686220831947,0.500592409312529,0.497708707683937,0.412826788969153,0.0424817568099473
1-64398-B-41.wav,1,10,chainsaw,10.0551099168375,-4.50740679504392,4.127581280449,-3.42279911766007,2.18542315039203,-3.13447555928944,0.986646559618511,-1.98723693240584,0.911570971581636,-1.08502975513425,-0.273016497580576,-0.605527868077409,0.0322110750477685,0.433914654527686,0.442995828388063,0.307552248348714,0.379196121910759,0.252854770412524,0.269935539971369,0.216567598542689,0.216531088950057,0.185773184508805,0.203644210327149,0.206408928922164,0.189929384995389,0.0114143781118982
2-114280-A-0.wav,2,1,dog,8.32976761530032,-0.8941220901392,-0.0490501969612066,-2.68122354664642,-0.907700222042527,-0.729819651651187,-0.096796156122804,-0.822567828882623,0.01303619684308,-0.0503211636351456,-0.146874806329055,-0.11140220737688,0.0253339798433875,4.49464480583346,2.25271839284875,0.940880591981125,2.23968158535632,0.856441015209532,0.937760322835807,0.571532016891964,1.05534461391696,0.459318681747165,0.40073166371971,0.356894511835342,0.340943015990753,0.016278986562874
2-114587-A-0.wav,2,1,dog,7.22304488704908,-7.03258795039838,-0.363713358622971,-3.0688808142976,-0.186826481568389,-1.43471935292707,0.669647425951346,0.563370056235796,0.57639823187035,-0.297126838787736,-0.103667866998348,-0.437053172357611,0.0854667987409581,1.87898955647737,3.06571893099359,1.15528231251484,1.72189193219271,0.855489014550677,0.760470556610046,0.66384219134396,0.742952280255314,0.646337484761112,0.653429851454441,0.582333209512524,0.492215521922235,0.0562102948021937
2-116400-A-0.wav,2,1,dog,9.07474262888482,-0.949366525000232,0.89260496780408,-2.50446258216111,1.13986262115308,-0.998099673496553,0.810043839145135,-0.844320622462556,1.05347634109356,-0.242405327195883,0.665752125839009,0.56584115326674,0.0319223313600382,2.65462249567912,1.9493135027494,0.745487329593694,1.75438842195491,0.511796873701874,0.6896189108206,0.734602302851408,0.843014975835638,0.436175324193639,0.537128839017286,0.411102157680213,0.463730227133309,0.0303942771027211
2-117271-A-0.wav,2,1,dog,11.9610812333441,-1.8299072574298,2.48251936648062,-3.04565244956414,1.58602793527428,-1.2262909321236,1.02956839485243,-0.619133825593502,0.709285713756948,0.143454094821743,0.511967295424896,0.427065805395448,0.0243755971065921,1.17261364710023,1.85307110075223,0.987337386768264,1.75816941098963,0.735635073057333,0.806433780255561,0.586239254334996,0.816934599069306,0.584139814359288,0.507640014095196,0.465353616887039,0.669924840911252,0.0145598361647409
2-118072-A-0.wav,2,1,dog,2.99540530499631,0.543628951434068,0.817929668154809,-0.105207212993238,0.447176203853773,0.275455081327774,0.621934220167198,0.272162870827732,0.514731110584961,0.425270802936148,0.34978639175307,0.448872665688309,0.00872561992459397,4.03155279830696,1.44598695316399,1.33941759111355,2.10610800752081,1.08013602315394,1.06415862897021,1.09128827481426,1.07509183100292,1.03351550150589,0.988473809783173,0.952196311178586,0.938276499359777,0.0286242211846114
2-118964-A-0.wav,2,1,dog,4.27325905177341,0.298993077880708,1.04838633265311,0.109354361857711,0.735450912817598,0.330397054911551,0.804778172486664,0.419966938612919,0.796622816868306,0.456145489317021,0.654253844878714,0.462922162798318,0.00940309599767981,4.26326726300488,2.29482392037156,1.48511229098466,2.17648956902733,1.31338104595351,1.51993849766821,1.24967197812248,1.41611123319538,1.24851205837045,1.32980484892688,1.20158123158325,1.24243137909249,0.018723592032508
2-122104-A-0.wav,2,1,dog,12.1276629704885,0.233862181421993,0.897830786368429,-3.00096019652446,-0.0200855373065536,-0.972637595763511,0.35665816424996,-0.461778633943492,0.651306060726801,-0.332574243909182,0.136752970008974,0.398739255260375,0.0251711883274191,1.23041438152538,1.70231870139879,0.484279946058596,1.20551992323514,0.767655995152488,0.563395632601763,0.672990258846611,0.382907208856042,0.257721785278965,0.264326098352631,0.29475586474412,0.550434580745007,0.00841823707056354
2-122104-B-0.wav,2,1,dog,11.8078670647897,0.0523183710180107,0.842087766328874,-2.9268490298055,0.23581050658256,-0.972848171571008,0.638500687931585,-0.560729398168198,0.690793200156973,-0.18412107201155,0.0504543688430411,0.180396037988625,0.0290796508205951,1.24941425142283,1.81806886910849,0.606814931570746,1.18266101692787,0.769719728738112,0.387744560332349,0.419680380611316,0.366276857875956,0.267992122555525,0.273807119705094,0.272037341956981,0.466026082831278,0.00977937646551046
2-100786-A-1.wav,2,2,rooster,2.91445383293682,-3.78699358084837,-1.13604353145667,-2.74283755268185,0.223319776496835,-1.44477133183636,0.107118177378742,-0.742491721690552,0.243255277414939,-0.0552460332445875,0.152287545608826,0.359941398840593,0.0317666038283063,3.00276599964977,4.09073272253843,1.28852972114094,2.93364517880769,0.480000658899424,1.58212686941628,0.382545121043088,0.863306972782986,0.414961249300455,0.226918875529304,0.386520645016702,0.468010929031818,0.0350255781392976
2-65750-A-1.wav,2,2,rooster,2.94301395611901,-0.918749963186716,-0.0236782885558257,-0.674652740638512,0.529403317024504,-0.583178624633226,0.532092239987413,-0.624817921015822,0.26257098700169,-0.427511227169888,0.417371934015582,-0.029202177945211,0.0306404981148492,3.75468091363245,1.41260674515889,0.746919523721035,0.965762569819589,0.780634535109969,0.821374331566228,0.743173486252063,0.82390016856876,0.404570309298818,0.599845615055047,0.574960025287318,0.318721703202856,0.0441523251619034
2-71162-A-1.wav,2,2,rooster,6.04636059196999,-3.69895587525522,-2.23616480275297,-3.14749883345881,0.558416519638802,-0.658448078826033,0.649014582840952,-1.59946221734527,0.204060846622506,-0.393866248298439,-0.535849959642716,0.613769067841423,0.161811328178313,1.94358242487704,3.55210708052233,2.16419723248483,1.47295273282115,0.606954485945391,1.30526163288807,0.899609787247955,1.18132582256648,1.04433478109756,0.603083118811817,0.66998828665071,0.616861762989557,0.117210430543038
2-81270-A-1.wav,2,2,rooster,8.10273682681912,-1.86127276768591,1.88686556990425,-3.00486229674858,1.49410693548575,-1.2068882075747,1.12395006658722,-1.42156836178526,0.635601184844312,-0.422638818049734,-0.111505851109733,0.20941023945339,0.0615718191278832,1.04925323890649,2.92242680244633,0.867942493070657,1.5430155132549,0.928167171671315,0.66063506300126,0.512973598074992,0.842191864285682,0.580664365523271,0.484062246544471,0.535606019061187,0.562353305281934,0.0255604771256934
2-95035-A-1.wav,2,2,rooster,4.34049626390943,-2.2788419134092,0.0711627484221516,-1.05320935703784,0.908881124799971,0.956803589878175,0.336738963904146,-0.0186454569906632,0.388283497659902,0.139098421647434,0.591306697725853,0.577009446217105,0.0558000108758701,3.98649851894004,3.04137350766702,1.35823550438507,2.01168406241832,1.24677573117315,1.19274163029172,0.663023844504357,0.973779510866553,0.79025786747219,0.594854034669813,0.998671004614369,1.03351763598206,0.0635277603569514
2-95258-A-1.wav,2,2,rooster,6.90294391382545,-3.040509487807,1.73526676361897,-0.174689990699062,1.5051234906301,0.203411372151835,0.995500614683759,0.424904262464887,0.740022192508578,0.771783904022933,0.154553021768808,0.569084494001856,0.0338443481728538,4.19003148397807,5.12998925078957,1.38892966082252,0.950339239480102,1.11565607068757,0.630707480722992,0.829157618757105,0.64754472689038,0.696375385143465,0.717039314133408,0.577091036890815,0.631635604091,0.0471074048969574
2-95258-B-1.wav,2,2,rooster,8.72186859323142,-3.01088012055851,1.98146455550005,-0.893671113825953,2.14349124885505,-0.375099624092515,1.59027819041294,0.34947646664351,1.02169100038031,0.86009273976466,0.545536720378331,0.609762255036698,0.0369167814675174,1.82462403909531,4.78493514157155,1.33876137377593,1.28447743249011,0.802205711910198,0.919263008606056,0.712128010640819,0.767267962393098,0.788070975713295,0.713509212822091,0.708037882691731,0.666536895001545,0.0449329129637941
2-96460-A-1.wav,2,2,rooster,5.07827697147391,-1.10423377416101,0.854705578329005,-0.622273148336391,1.16995002241415,-0.532122540449099,0.301996197484592,-0.248142741253185,0.456441001154029,-0.122648173875105,0.153610166237948,-0.120514875223325,0.017514682424594,6.2729853321606,1.67193298309174,1.15465410093063,0.915091409435631,1.5766076512591,0.843009584265016,0.538938562259886,0.616908821099601,0.710201966938228,0.352814791535559,0.314545599075539,0.430845760281684,0.0259103703286299
2-101676-A-10.wav,2,3,rain,5.93031493776861,-4.34866228240156,4.36363140276965,-2.69024691810587,2.29718383864049,-1.66364927491779,1.51542495250908,-0.904945138398485,1.38687087588773,-0.485603829387206,0.708483952284277,-0.252644554186015,0.203436881568172,1.03239711262873,0.855640399332786,0.841757569606717,0.801312366288467,0.711517372722178,0.670529787934437,0.588452473518088,0.522465001018615,0.427381948420838,0.412955078274351,0.316333348314507,0.303719447862175,0.0329350714183922
2-117625-A-10.wav,2,3,rain,8.6287806076307,-5.80198606758114,4.35442499513753,-3.39645266291808,2.9445738749901,-2.20057641559021,2.36669017251612,-1.61409780420599,1.38386307865704,-0.618977531568939,0.517390258035088,0.00584346199289329,0.142509351115736,0.540396751476784,0.413629596457634,0.39950886221795,0.328125295397547,0.362789202224611,0.295508925777363,0.287086385046629,0.229723519539113,0.236541948367062,0.215352108944823,0.227815651672944,0.22228221651708,0.0211371599994918
2-72970-A-10.wav,2,3,rain,6.92559220074918,-5.00444795865343,3.79480208095349,-3.34833825501293,2.62495692885744,-1.86248622558723,2.13315711164201,-1.64039036419801,1.19253864919716,-1.1622978419651,0.873449597325565,-0.758475982203813,0.178318526511533,0.540580727233703,0.577455754108872,0.391999317477177,0.363635248666303,0.288178073780805,0.271992364920617,0.244952314228035,0.240547699987023,0.244672789598042,0.228270368734697,0.275292351549712,0.262412114176184,0.0254781448142056
2-73027-A-10.wav,2,3,rain,6.97394607993374,-4.27560761689538,4.31313591174704,-4.62670502129898,3.52021799670673,-3.45479710728807,2.24851123066675,-1.93308261776499,1.09232426665788,-0.926116881656475,0.758725683949078,-0.470420913147802,0.241491977446431,0.456026430031357,0.396408378486714,0.356027022308019,0.320677099629535,0.296718100929331,0.268091333275418,0.252227711244531,0.240998829747881,0.247774773936308,0.261965654582296,0.308590258618726,0.313933628575841,0.0425273171450451
2-73260-A-10.wav,2,3,rain,7.23318469671582,-0.0427185299055001,2.17559849466501,-1.66881114736758,2.06921088530602,-1.15086467447101,1.26278078247083,-1.01964555501651,1.16888731510477,-0.923025856795604,0.856532807713586,-0.577384096963791,0.0677548045755425,1.57420764223378,1.07130491663266,1.1414494627331,0.843500509969215,0.856580875051679,0.688599327484578,0.663010154840421,0.491534388077061,0.472701530643281,0.364845222811433,0.369400517384714,0.354289624745407,0.0444312350695067
2-81731-A-10.wav,2,3,rain,3.25835026306248,-3.67102696896059,1.97889059692097,-3.09122437312408,0.972498453360942,-2.31081659458085,0.929008384290137,-1.61094630463452,0.211071230799508,-1.22032521857925,0.0309042281779986,-0.730312175585945,0.258033802630681,2.21316822668523,1.47539996596402,1.06489205098689,1.08368957929161,0.912214734649497,0.813167055705548,0.647599663924939,0.566339720778242,0.476314941303201,0.45559661913716,0.437216512308948,0.411816509963279,0.0681653828024612
2-82367-A-10.wav,2,3,rain,6.44969000978889,-2.48521138166186,3.96025977750815,-3.25780024855242,2.632795153152,-2.16778638299161,1.50634315872925,-1.29890213382764,0.966435977692749,-0.904329856477129,0.331681932345273,-0.228021314703198,0.190280144286543,1.43582562294839,1.14509367641608,0.9366225627876,0.856377516598607,0.774709717108369,0.747667017397228,0.601579491685337,0.516393642047197,0.403517386784713,0.400242464111855,0.340833562773393,0.332833906651356,0.0481418357215762
2-87781-A-10.wav,2,3,rain,10.8491764203516,-5.27681877199902,5.25298402900513,-2.88115517713052,3.73980640303712,-0.987473701971851,1.24381173931374,0.716867807076086,-0.330473051312003,1.26536039759311,-0.844564224004125,1.17800780674951,0.047509585693326,1.07246173717657,0.769974329999781,0.540947323562766,0.369727134661031,0.393620885130909,0.557620462446891,0.661256867491772,0.765799854189515,0.730418554951095,0.645956790946727,0.553677112598893,0.38808867892944,0.035462242727686
2-102852-A-11.wav,2,4,sea_waves,9.25908604645311,-5.89555811912498,3.24686299171121,-4.35120162943137,2.1752215178699,-2.82023076778676,1.79187478195822,-1.51365202142926,0.450578976392943,-0.726736469616114,0.106520879635165,-0.268872030877368,0.105367881636413,0.426441074865393,0.366027541208023,0.331291669015507,0.392902657353733,0.349015891224481,0.302252091139143,0.273284874216513,0.31824440032838,0.275073971612389,0.246856891229607,0.263036140601767,0.25019451836721,0.0167641776957646
2-124662-A-11.wav,2,4,sea_waves,7.70467997201905,-2.98670797866799,2.71653470623268,-2.93132495102897,2.52811350383226,-2.31056058776079,1.67570845841522,-1.27979080295359,0.8305705210306,-1.00773545660566,0.519225752035946,-0.600263837180476,0.123414068897571,1.68835396344683,0.826958477160003,0.675302917755209,0.637615544143605,0.586912135954009,0.628354355710721,0.359075205244331,0.503022140275289,0.38997260921895,0.511657505041036,0.413398655462122,0.530044149680377,0.0566737844921548
2-125966-A-11.wav,2,4,sea_waves,7.62839868292196,-2.81999738388226,1.83937046945072,-1.95060547033484,1.50379329479712,-1.62144250235431,1.37836190183445,-0.859429993548098,1.1036996135326,-0.26930923598297,0.85797398912943,-0.00332001799975708,0.0674666473317865,1.92942352156158,1.0761028106422,1.27724469126725,0.786628769949423,0.881018402535814,0.650047651673222,0.634587340709796,0.635677964864628,0.440068648221144,0.421883824979063,0.427889760016889,0.445586601514971,0.0394111197069809
2-132157-A-11.wav,2,4,sea_waves,9.49327292685362,-3.38964284164486,3.30301666268532,-3.60556036102874,2.31607998960631,-2.88989313428655,1.95724638854051,-1.80617054295614,0.716675672200555,-0.899128686855621,0.0536236424946529,-0.303077098707202,0.0758691099699741,0.545127820982148,0.749047398959976,0.394673897821851,0.496207020726335,0.315415005477117,0.483027470741104,0.305930551400314,0.307044302357097,0.282149345054492,0.293898615882045,0.251463767147919,0.250955353175103,0.0251107485422084
2-132157-B-11.wav,2,4,sea_waves,8.82607078365793,-4.02391572655758,3.48962363492005,-3.80786720767624,2.28941685848081,-3.22018660066627,1.78270893669775,-2.02251731638795,0.760463411987032,-0.988329669676577,0.0162396910678473,-0.346084292194781,0.099408331342978,0.624830118558755,0.563269099853014,0.472193511348863,0.457687691135771,0.362329625743004,0.420119797129269,0.338050828266649,0.290634728854113,0.289450897520662,0.271469540410886,0.248975424477944,0.245382836158218,0.0271268674120591
2-133863-A-11.wav,2,4,sea_waves,10.1083138536053,-3.64742118342294,3.42522794898605,-3.38490001872358,2.06714361481105,-2.38906737278975,1.91682180391048,-1.64909725208196,1.29997807406689,-0.613342153586988,0.305116476444525,0.292470310512767,0.0648342069571448,0.810131745082291,1.13514854178489,0.660174011995556,0.548028329625286,0.356634111774327,0.526038707907675,0.34446426646368,0.415705786859075,0.28269341579588,0.313557693743805,0.27590397178236,0.244581067013575,0.0230060287150709
2-137162-A-11.wav,2,4,sea_waves,9.30864436648636,-4.44055991536756,3.18623480666512,-2.86709632391675,2.41960251570578,-2.31656496849265,1.53726921605152,-1.38733471161799,0.909592892477954,-0.872060550835003,0.439162369985462,-0.502985625415793,0.092606514219667,1.05261986317464,0.736106049713431,0.690773215007543,0.510067392987149,0.53186947157346,0.380549136744159,0.337289924756705,0.310785125010656,0.281255074234437,0.353516925562579,0.347666884387447,0.448286581956029,0.0189282007952671
2-155801-A-11.wav,2,4,sea_waves,9.95461227650896,-3.72163054818869,4.33468909100307,-3.25097342153274,2.29216879021065,-2.64010274186754,1.85135881397551,-1.66418498579469,1.41146429039812,-0.466339570654159,0.318334705859822,0.0225782650136756,0.07014770924321,0.41845355914573,0.572409914845294,0.37771807886332,0.673942479434041,0.301124609859015,0.551121526166898,0.264842887015807,0.4774729559669,0.205954493136093,0.26544550883367,0.224146457224976,0.226567229673525,0.0222025371110896
2-18766-A-12.wav,2,5,crackling_fire,3.39885440895313,-1.0285885441051,5.48483198240111,-0.498242840773137,2.8986071462858,-0.530440799308368,1.02492886632522,-0.813702375657154,0.44895598744627,-0.437071055277608,0.630049160987304,0.0254200822431433,0.122246005783404,1.4774302116077,0.984737783417911,0.68849263633845,0.533330569362494,0.477933307403515,0.446502133256379,0.362031940399259,0.368338297966445,0.365000679579197,0.357327645001194,0.32734455984708,0.312263933419717,0.0736260726654979
2-18766-B-12.wav,2,5,crackling_fire,3.54926267325853,-1.1216520457499,5.05772444087956,-0.0969195466781165,2.44028470005358,0.0158302787513446,0.748378281253172,-0.502681161965271,0.28730226994501,-0.164532600873919,0.619315459544586,0.139616822603602,0.114531841775283,1.4795393441487,1.41157601225022,0.782166398306359,0.608945042054767,0.511676798844219,0.502731103796591,0.416460606788761,0.400278119031969,0.342315953258911,0.384760378733348,0.295188877564525,0.343788058129792,0.0854401385786002
2-28314-A-12.wav,2,5,crackling_fire,6.7574369395552,-0.575225956850932,3.70771198062257,-1.40643410335417,2.23201966512751,-0.850901541400477,1.45658982596558,-0.53365231464947,0.882958844282538,-0.0111359343108976,0.369672321948892,-0.0966855797233983,0.0676867770745189,1.44226657049298,0.97478150791789,0.751915905942467,0.635777121319305,0.66431021224129,0.561973209284033,0.501307101807024,0.440565326272308,0.423206275414117,0.396711941078113,0.363354404272493,0.364328418210784,0.0485130470777711
2-28314-B-12.wav,2,5,crackling_fire,6.62455830464554,-0.718459379997028,3.28842330929176,-1.20718453812635,2.00563482803836,-0.749166856202641,1.19800985317752,-0.528140131065233,0.716755782255822,-0.0672017621928966,0.324565209563241,-0.181063185297781,0.0808855783830354,1.35373463606789,1.60658713523076,0.7836309870707,0.579950210006553,0.597876113982683,0.43826361249589,0.454811482235585,0.400866396266103,0.405922377502503,0.324822995358254,0.345742225939738,0.297994581595797,0.0592712274877553
2-30322-A-12.wav,2,5,crackling_fire,6.73094083154231,-0.590132173697662,4.07127406429668,-1.44129145957759,2.47764290362634,-0.936133674038885,1.63198657694244,-0.660385981906147,0.987850218962458,-0.164579510307729,0.435577068756714,-0.246151466271947,0.0660782678790774,1.53987688830964,0.985007440881731,0.821197229737437,0.73859603096409,0.728677296779629,0.628265552850233,0.541708803408265,0.487754389116719,0.447542512407127,0.400525021390928,0.374215956164986,0.351735673937781,0.047449029209064
2-30322-B-12.wav,2,5,crackling_fire,7.00620277131864,-1.04087664630941,3.96435849990368,-1.47870209625595,2.5133308511539,-1.07390108302757,1.50287619707295,-0.801634592286337,0.891645790373542,-0.26657911028745,0.382380412326096,-0.305601808844697,0.0772493591766753,1.57270262115437,1.83779078625813,0.913448596482415,0.724407503847973,0.76049801560895,0.626172286169849,0.566675451882993,0.535285032642567,0.474917847276581,0.391373276516054,0.375395449708819,0.325179635816839,0.0564071868152639
2-61311-A-12.wav,2,5,crackling_fire,8.57372495092992,-0.711603994973048,3.87840792768334,-0.13577145954429,2.29115657428332,-1.14888072178697,1.00217578465229,-0.276331196485613,0.956178457275836,-0.059118345616916,0.406173164729607,0.105193561210032,0.0333005813259178,2.03099473190754,2.07815109072717,0.93152701115729,0.710379565832528,0.698473616292018,0.523242142411072,0.403886077372232,0.377230335458027,0.324420077866295,0.295926363355408,0.298799696452287,0.27769998701047,0.0438705522838135
2-65747-A-12.wav,2,5,crackling_fire,5.160812117255,-1.50858694673253,2.98845205473908,-1.28500725323629,2.43204471738433,-1.12062655780776,1.41572574948898,-1.17285786155015,0.679363851050744,-1.12866526674513,0.518371638232351,-0.352942671443151,0.142612112093968,1.57265127780066,0.773583062073858,0.749048227596216,0.735631702395768,0.671116666568824,0.629878763579218,0.434058022535505,0.451172353955177,0.349738948543276,0.373314100443614,0.335127480128455,0.301187259459724,0.0571248921064893
2-107351-A-20.wav,2,6,crying_baby,6.56123552392017,-6.74979752224753,2.07591418933087,-3.23353050967742,2.37587398058794,-2.22318119029708,0.454220965975827,-0.972993406463871,1.29019203239672,0.422399812540873,0.0523423687602809,-0.115540566643746,0.108174122679814,1.81816687723362,2.816457774852,1.07246186512072,1.5121718717673,1.04440303528569,0.854085173223362,0.607934835846849,0.809672463162534,0.828224765368303,0.576237982520639,0.487217338293944,0.622010514975635,0.0367285019121038
2-107351-B-20.wav,2,6,crying_baby,5.83590313627508,-7.08080638955973,1.68778536288526,-2.61774993542667,2.45034495459365,-1.33335369007613,0.802710781360267,-0.926923166647623,1.04600186229449,0.766738515353874,0.0248581600446224,-0.026556579146797,0.105987619634571,1.77043142002379,2.8817828958216,1.44339904334167,1.45036821531218,0.953211743466864,0.758273880383636,0.855834307397719,0.700747801745722,1.05132056156075,0.770805140886374,0.549808558923274,0.603120322918658,0.0375300797063245
2-151079-A-20.wav,2,6,crying_baby,6.20447375809973,-3.67222030725832,1.5192196536645,-3.21714165786346,1.99154209109784,-1.26894310604941,1.74431225629221,0.0557823371795165,0.648126499054014,0.0186566539024515,0.269952357936708,0.278580849099882,0.0684386782192575,2.22858387737151,2.9067861884081,1.20510388586141,2.46636112852433,1.17768452964747,1.37168695282283,1.09179116642066,1.13678569856044,0.885941195389271,0.988335547362137,1.00203895033948,0.871197069148351,0.054434929928672
2-50665-A-20.wav,2,6,crying_baby,5.09113477148893,-2.51507458205841,1.56489661198571,-0.722849570040781,0.77739056275018,-0.83845433920444,1.4731478992513,-0.284435736826734,0.670475178921278,1.31005364514134,0.459313414968332,0.460400232606832,0.0431432170823666,3.19043256808966,3.66181593615701,1.35327308269557,1.88236139316492,1.13231657400894,1.78535622596897,1.20787916039141,1.36498774893143,1.03210283762167,1.15331731734492,1.1226452846777,1.05013256631955,0.0447279576711918
2-50666-A-20.wav,2,6,crying_baby,8.58392985294399,-4.37263331060924,2.30588247503872,-1.00506335406224,0.26131354124081,-1.31344031235767,1.31927076724351,-1.45543537734995,1.19534175339215,0.67475524176787,0.570342557328084,-0.0310732969635702,0.0528680575696056,1.00387748145766,2.18931779242235,0.78951337723345,1.01521549968544,0.718177966167401,0.741385797755259,0.661641090037014,0.692926517001647,0.505557191841475,0.449692846175509,0.407551582642197,0.419937499578116,0.0285562209010974
2-66637-A-20.wav,2,6,crying_baby,7.24268744819039,-5.25856331241292,3.62175050826103,-3.6277314884743,1.46345588583514,-1.00137331141028,-0.0888029940702128,0.00015716401207705,1.00949254656369,-0.326637316270852,0.891315168179718,-0.893250591151351,0.164638841144056,1.31014593457428,2.45060050916307,0.894028506688795,1.28900989597344,1.31244000259602,0.836449828137933,1.5223112260678,1.12747453063022,0.770034065349813,0.764839509797271,0.669431431660276,0.786643676506593,0.0868810914109436
2-66637-B-20.wav,2,6,crying_baby,7.36659876395828,-4.24966881040668,3.14404254125676,-3.39746694167977,1.63110937142071,-1.02635475382845,0.989914046891451,-0.794700817332739,1.16323229963093,-0.757612677467827,0.927193004661728,-0.935475692989946,0.130237637761021,1.16473396387843,2.15546132336717,0.99685954464686,0.96198885410334,0.880471562395658,0.601213135039602,0.821228065964875,0.667746152018521,0.405811261813181,0.520667941227136,0.662153637888892,0.684736912646578,0.0661900710954652
2-80482-A-20.wav,2,6,crying_baby,0.828624524488602,-6.68427651354639,-0.807111432532859,-4.48565125825027,0.764958518141463,-2.62096870746634,-0.0420568218748418,-1.18231973226058,0.334646688954504,-1.31621360308293,-0.1057266545503,-0.109102569291239,0.179040998831377,1.93357452091396,3.56582378343913,1.05412422118547,2.10448629861046,1.21317818454238,1.51770387605976,0.87369557529302,1.21280218802511,0.62247184150069,0.796328567153688,0.653998106730273,0.759003107815773,0.11431946445144
2-109505-A-21.wav,2,7,sneezing,2.42120025522781,0.076986031068576,1.01783775945053,0.182554925734553,0.601792593834084,0.173834705026598,0.408189748124035,0.151030177711922,0.281133787165947,0.232574912670646,0.300628355953666,0.247466103281555,0.00901564312645012,3.55874004408247,1.87929588023269,1.77370625747112,1.36151507777988,1.06202162409827,1.08056187613064,0.876427573524103,0.993744776752748,0.864054194274003,0.915023505577121,0.808010545829448,0.805628341294455,0.0372589981311307
2-118104-A-21.wav,2,7,sneezing,4.86183671681641,-0.868288229964605,1.52746971566684,-0.178038127002573,0.857316608506423,-0.602336822118439,0.569001402382338,-0.110524660553956,0.775098008280135,0.0971997849196339,0.612945123530031,0.19884030663852,0.0622983432424594,2.5898642901472,3.25083648410059,1.28985602887873,1.7083721612978,1.02449183813416,1.72051282375625,0.982522375014181,1.22057427372472,1.01691950266282,1.06139857723955,0.911154295496914,0.946816384329785,0.0631361907066
2-119102-A-21.wav,2,7,sneezing,2.53457356166178,-0.148088344040098,0.936390172155949,-0.100812230358656,0.514946566405267,-0.0201503556307404,0.426307679848996,-0.158231310207527,0.310255514285635,-0.0130407756485647,0.203200517395447,0.00953691025390141,0.0172518488979118,3.43554133345084,1.64912434802698,1.35035247545739,0.826587580120548,0.720955633974488,0.555720113381429,0.630029898723995,0.515319711948825,0.468528366853415,0.346188921782159,0.379114185670901,0.339205486956947,0.0461825888504217
2-128631-A-21.wav,2,7,sneezing,2.80553785632672,-0.283844843209295,0.876381791419637,-0.0218436605895997,0.664191655513394,-0.00483008177883233,0.337931892349164,-0.0453320114330567,0.228992724648211,0.258061769857509,0.303114055135783,0.218229755795239,0.0125004531612529,4.13797633370967,1.94292090438041,1.54931654653007,1.46968353278259,1.25397648513116,1.33473177675241,1.0403512636132,1.33640982157935,1.08317102659854,1.02858086442387,0.968984022265808,0.974437709171103,0.0290703567140608
2-130978-A-21.wav,2,7,sneezing,1.92879378089154,-0.212803712001512,0.55769110820482,-0.263362822745745,0.503670972871103,-0.276275735471539,0.20830442295897,-0.435115676386009,0.128945883424442,-0.293669969481893,0.0441560201629471,-0.153540143864156,0.0362257105568446,3.04240966634622,1.09385583707642,0.93170317862502,0.787461238001732,0.816752336225063,0.689160094055201,0.561979391184057,0.814351592229476,0.459090823226874,0.531961195761981,0.301275831047888,0.339736359788916,0.0858390754573858
2-130979-A-21.wav,2,7,sneezing,3.90272136185066,0.0660537843098148,1.58221362660073,-0.26654474950514,1.20679648285194,-0.238622759223896,0.640322625625027,-0.82000788597475,0.463671462687301,-0.454698737461937,0.138532794880465,-0.275006610301848,0.0750978828306264,2.40843580325588,1.9169976882957,1.01953378166929,1.0138251007156,0.812686596765824,0.68917586008183,0.655854518310739,0.891181948335372,0.45056855889025,0.464589935204737,0.36428194215811,0.314219190767661,0.0708736708138191
2-82538-A-21.wav,2,7,sneezing,4.75467068306064,-0.302981764249133,2.02783609548454,0.446755205428001,0.984138411440962,0.817436629790868,0.369151371184352,1.11019784539392,0.60676567830042,1.0276977398166,0.912854126484546,0.732134143164643,0.0180335520591647,4.32979494927596,4.32636549328055,2.03484101053753,2.34562859872384,1.56843976522637,1.52798611986401,2.07936117242187,1.47081087083207,1.71965742942612,1.48116933328568,1.4295633270305,1.49067208897108,0.0542368366993295
2-93030-A-21.wav,2,7,sneezing,6.41041878338575,-1.94618209384508,1.1311399830571,-1.20405114519444,-0.156588126157547,-0.873298654354143,-0.793234713927999,-0.903152912943686,-0.598979008127401,-0.801325533142408,-0.351416731316566,-0.836750712227863,0.109609630902825,2.78121577543853,2.40895967875184,1.44234679135477,1.39303317861143,0.646708872577339,0.777976231737817,0.548899332451651,0.653725600227919,0.820408624687038,0.489441521582723,0.440568278752262,0.366744019639293,0.0620615954297759
2-119748-A-38.wav,2,8,clock_tick,9.10206632216754,1.48639217968769,0.485206432389719,1.13050795456994,0.614463390790243,0.18152607424016,0.569043407670269,0.383177877079353,0.0686758481430331,-0.19368829436464,0.064894181387352,-0.0995659734886133,0.0268431400982667,4.28355469146744,2.01695787141934,1.53853871619442,0.654267958121264,0.752331728433615,0.943511693232086,0.515113947800153,0.642077433772588,0.782250588023306,0.716280578709226,0.532617576836496,0.511539884124932,0.0293565640418583
2-127108-A-38.wav,2,8,clock_tick,4.94690280751364,-2.2139598689501,0.013370718305308,-0.978599905955219,0.0792074507395138,-0.683255225711403,-0.409525360697384,-0.236038908055559,-0.137336209178713,-0.785473831140342,-0.487399790965311,-0.977699281037059,0.0869990702197352,0.953664748883186,3.10849361297723,0.744676009432184,1.62856175017763,0.615790774701525,0.698715868894044,0.754016968808888,0.585572325429796,0.572038608588314,0.453792302042768,0.624718577643431,0.387398555385476,0.0428937202874756
2-131943-A-38.wav,2,8,clock_tick,7.4453938680588,0.273974867539907,0.0229156619164137,-0.00839036177715308,-0.195128834497144,-0.0812319936027669,-0.541969395443935,0.431655960520391,-0.29233123606235,-0.118857260639163,-0.510169172889637,0.762516301834346,0.0874337584874437,0.952440514384806,2.17698327458622,0.960054610859281,1.27436268575522,0.487128109604613,0.723274575762718,0.459455884746094,0.313685548876406,0.561996442964755,0.381171758014314,0.351564505454296,0.376248428820688,0.030920642598595
2-134700-A-38.wav,2,8,clock_tick,5.87447340324834,-2.16546476028648,2.57501736578509,1.36938308370643,1.82845145778705,0.396324326435188,-0.0605603824141759,0.756423283253937,1.41071940769321,0.0832759851477876,0.0883890357257108,-0.146454267012707,0.0629995169834175,1.20987462124321,1.82801010985459,1.00119080020453,0.706062865199795,0.802168824307435,0.595341226536868,0.860229735409926,0.646035493809849,0.64794274900332,0.515150816515228,0.538834276448992,0.469530088936469,0.049537428974336
2-135728-A-38.wav,2,8,clock_tick,4.7412147950577,-0.123374222252341,3.17377392636404,-0.183059662942009,2.56108157363131,-0.262121087847471,1.77911576386328,-0.0638800653801604,1.17215978818179,0.14928900528531,0.797328120479635,0.236939831094012,0.0306363930070288,0.992909608992549,1.64329533372468,0.845050719977734,0.706408615433639,0.64122657233457,0.624459652029546,0.618469341598539,0.395227076363945,0.37964802682754,0.31499087716278,0.369703027665247,0.393238416880871,0.0484106760895311
2-140147-A-38.wav,2,8,clock_tick,7.98459648015429,-2.93539070839745,2.00785700442761,-2.28476483795313,-1.0567809517981,-0.317015733094836,-2.22754873592533,-0.497141449344982,-1.24575889313845,-0.73507868938556,-0.284867270753044,-1.64336280101854,0.0726373505100996,2.49651651550376,4.151435961353,1.74680856560832,0.989402376744885,1.08030005452081,0.839864948190103,0.74169180818896,0.656378920684557,0.613184918775058,0.621914339423984,0.481723359773837,0.527756070511634,0.046344504595325
2-141584-A-38.wav,2,8,clock_tick,1.58846257599436,0.500815180975051,0.408437435939942,0.215071509957835,0.246304064955223,0.136935288364273,0.13223415644007,-0.0403062612597416,-0.128361037803137,-0.248875479582643,-0.220601864436829,-0.1994876638892,0.363642686084004,0.801364179754542,1.0491559962014,0.312512468773492,0.416827531148013,0.297204252105486,0.19308590895961,0.254892769262161,0.216503547568029,0.18767345652644,0.247609678880699,0.253756659838582,0.186751638064493,0.0731646527670712
2-88724-A-38.wav,2,8,clock_tick,5.77931123258212,-0.715507080682102,3.03638939567214,-0.539243579710729,1.90854335717678,-1.27798036080304,1.08022932674098,-0.386538407491108,0.338313518757246,-0.185798800122595,0.849899070336875,0.447757166023668,0.056720248097789,1.24494283816678,1.39372697922102,0.86715461248861,0.931047849738085,0.816624187807478,0.840342664433119,0.598872397900272,0.517856165774408,0.418184896424487,0.370797266617235,0.386630653513419,0.355293803824697,0.0638391182986321
2-188822-A-40.wav,2,9,helicopter,14.5761653325432,-4.69741722449805,2.06148217871706,-1.60986980777204,0.651441802910572,-0.84169825410601,0.815708622589739,-0.609003687278959,0.690903328365608,-0.0662882633812657,0.228943239840709,0.119479897937293,0.0429488908745053,0.743829131524742,0.762978796650362,0.426251443758998,0.644774283901638,0.433354315905786,0.426279780895789,0.291892989477698,0.341806326068645,0.297799683059461,0.250739182635722,0.280391098815065,0.222291502137649,0.0126405891960676
2-188822-B-40.wav,2,9,helicopter,14.2382173380645,-5.27153880996742,2.77731577804959,-2.67357388303506,1.31788485445918,-1.40115352119742,0.875713125029618,-1.01221884948165,0.474574263321098,-0.169246239762572,-0.0122981779479245,0.321854003812832,0.0486702116316364,0.733967662401586,0.620502307097531,0.443979324076075,0.524202778305411,0.367222159876365,0.369071610104719,0.275167130804991,0.291147510401955,0.223498114428745,0.214066171897874,0.200701297479789,0.193553375927557,0.00929738084268572
2-188822-C-40.wav,2,9,helicopter,12.5107621708442,-4.88059446967015,3.81407750993625,-2.86700740337655,2.2941868282006,-1.81501353676411,1.41162668887325,-1.18368211752928,0.549007126568561,-0.193032971020259,-0.357431107974768,0.334327606272656,0.0562583701549065,0.644157938218993,0.751995664039294,0.53823531004814,0.448499583218009,0.400721545851943,0.369989853082463,0.351958327051063,0.314339558628347,0.34906132952287,0.321299629803634,0.307022745348834,0.272658052627728,0.0193777644825301
2-188822-D-40.wav,2,9,helicopter,11.5996501564112,-5.20954451025874,5.05067164862747,-3.41406655341116,2.45058966672388,-1.59366668557867,1.29637334932197,-0.76050369337416,0.52697386947217,-0.630285876451943,0.0564379125731153,-0.112437369441249,0.0729258542889313,0.556167276850086,0.361881479795374,0.3401922605568,0.290571318812776,0.289619731064093,0.272430827379023,0.256691813224434,0.216569982868686,0.200994666816676,0.207727985853951,0.217555963298512,0.214269452877349,0.0196948112989634
2-37806-A-40.wav,2,9,helicopter,14.1411206674773,-6.17441739270439,4.7036654079395,-2.15153269533611,1.45003288868041,-0.672309829942023,-0.380667739683639,-0.3707653407563,-0.470509317391421,-0.497433151364871,-0.442480142838175,-0.489074576707977,0.0481080784256858,0.886367453332626,0.644078822413794,0.553248124786582,0.407053354027134,0.541248747957206,0.673476007990361,0.661466096012068,0.493416943104368,0.43395873687108,0.486405221967418,0.522597306897191,0.477245776811581,0.01606539987326
2-37806-B-40.wav,2,9,helicopter,15.143732080095,-3.78408881990829,2.95133878684269,-2.17445746884539,1.28462017338832,-1.47087491709155,0.551548599404913,-0.844050915476741,0.521372279140599,-0.369672004393357,-0.240971090924575,-0.0310064423163297,0.0286244370137846,0.580767312139075,0.729032667666736,0.528218606894368,0.479943337934904,0.366060904300936,0.367221625277234,0.333065390179459,0.404826803883789,0.36640044098774,0.355506461378074,0.306636970494167,0.264630143788036,0.00935702238355331
2-37806-C-40.wav,2,9,helicopter,14.6834632424922,-4.76177766087309,3.53632029399563,-1.44212006193827,1.17838704366666,-0.804481609233476,0.82926895657542,-0.8613244908803,0.405235077406721,-0.994273208659108,-1.00843192632579,-0.691605129686917,0.0249601751228334,0.637186194849727,0.682847327831354,0.484604081340142,0.400117553571459,0.309386904918443,0.341447397416352,0.33037819519216,0.348783927729808,0.395593484009505,0.346279888552762,0.326255068907297,0.309092039784059,0.00911633502145075
2-37806-D-40.wav,2,9,helicopter,14.9337035854611,-4.60047338525961,3.70163519541842,-1.78367423749598,0.715389882460634,-0.82901979974978,-0.38131110393048,-0.539963759328204,0.473537286800769,-0.684822247349778,0.238661680549572,-0.493679217456007,0.0315946158045585,0.678209279740392,0.709372862141909,0.463412570292405,0.474239736601489,0.557847557406166,0.735967345278116,0.591585513735638,0.403445691977418,0.341276428726437,0.445272400077805,0.633748938292886,0.495292766733876,0.00806897550134019
2-50667-A-41.wav,2,10,chainsaw,8.54001031993777,-5.29217929773884,4.38920106773698,-3.57883433085221,2.83124677768529,-3.00881994247747,2.10444500346834,-2.12498547038116,1.05587434498112,-0.84869076131114,0.268037279948139,-0.324269585174378,0.0896501701753787,0.655670466211545,0.709848505336284,0.3133941710377,0.638821569101675,0.309451372644125,0.38674253695823,0.335120575020289,0.304907524889322,0.232927515668597,0.424092573035435,0.266458947063488,0.245451676221767,0.0246284234555913
2-50667-B-41.wav,2,10,chainsaw,9.37062563906472,-4.00317008180078,4.12336362739886,-2.4557271022217,2.45875844395087,-2.55243009854229,1.47584642233317,-2.04310382130514,0.871211839518898,-0.40383114244467,0.203765323734737,-0.343538868195071,0.0723475139040535,1.01155131751864,1.25162633030065,0.357562979716789,1.15831966695166,0.475737124934143,0.458476246024399,0.807464330071821,0.267000502485441,0.342862856082487,0.364985640091826,0.289208929694884,0.264513170743126,0.0291259218850385
2-50668-A-41.wav,2,10,chainsaw,8.16489343729825,-3.96774227140688,4.79175858168204,-2.79916814953701,3.13055896119929,-2.52371608714838,2.21890159553818,-1.64683796737197,1.55636734425174,-0.849092396347619,0.64336251261082,-0.55920917707063,0.120865996485601,0.792190771224237,0.79462722139694,0.453237403217992,0.58249161624175,0.395157216219402,0.460231595299894,0.307359907760747,0.355636419912162,0.305409243510238,0.331114386874607,0.358579290356469,0.429356196382268,0.0299371744385132
2-50668-B-41.wav,2,10,chainsaw,7.72995656496601,-3.92332804999408,4.87652421061053,-2.80466649257879,3.41845773742433,-2.71493713730654,2.21221656646629,-1.72857913754785,1.34109830800097,-1.47060906749689,0.460525988701057,-1.06193889723123,0.112611371042036,1.10185940583254,0.828562111538705,0.622847306953803,0.556735060465993,0.406817266367853,0.421376805801691,0.325335956479993,0.385319540942797,0.331589090460174,0.351533025555079,0.394345640371556,0.45932114823992,0.0495298101810764
2-68391-A-41.wav,2,10,chainsaw,10.6179856102668,-3.69084710837528,2.54693234457401,-1.38295520437074,1.69044292406599,-1.23728110331247,0.805421497076121,-1.50675804914807,0.669048883328507,0.0564042940552095,-0.0599688543174569,-0.0535113527175881,0.0606155689146308,0.61824905372577,1.07796005630778,0.378858709585989,0.660260996535742,0.317386307318326,0.436187516671275,0.263712834469367,0.260344660360242,0.414522445220501,0.343861192258384,0.311643392745853,0.318812576506867,0.0230479444581482
2-68391-B-41.wav,2,10,chainsaw,9.88234720362096,-6.36009570367306,3.00655608686882,-2.59322080083645,1.66380486773413,-1.95128913467332,1.72760371909932,-1.58290647293742,1.69908006751774,0.406057758586522,-0.177979211368652,0.031250908300552,0.096107344837587,0.419271070427984,0.615527050153855,0.295938492395377,0.298690851261788,0.36019062498117,0.317686223106692,0.229590463809962,0.264716788026907,0.286852974479503,0.221337150103892,0.235905653432619,0.241390335544337,0.0141610755494331
2-77945-A-41.wav,2,10,chainsaw,3.74330207581337,-1.42043199179356,1.76752489546979,-0.532950647317979,1.02697105732434,-0.150735984665263,0.615466492921852,-0.826389221368836,0.405230057720103,-0.441727859230956,0.326154654189233,-0.048477830222064,0.178221123498703,1.23655382133355,1.07700509462932,0.798076475475569,0.482698942821422,0.526627338245594,0.384748871422961,0.478184737680426,0.391259873520269,0.311642373172983,0.365921106711488,0.404377010936286,0.539664251766117,0.0482952845854615
2-77945-B-41.wav,2,10,chainsaw,2.91932871331153,-1.76325236598713,1.02094495543757,-0.936732390720824,0.362538223042068,-0.481815976507846,0.159255772594553,-0.660353895159645,0.00909333017638319,-0.48285939097465,-0.0337726715511096,-0.462628524646961,0.178299813617442,0.439505709792819,0.512264921389284,0.36132353578774,0.371720085532469,0.312350771420667,0.275212570494949,0.237028736750283,0.230292473665472,0.219428780428858,0.20642947042246,0.250136453374469,0.321291014151497,0.0262919086065078
3-136288-A-0.wav,3,1,dog,10.9241509859062,-1.91404902994016,2.14260882865654,-1.99007195546795,1.63380770990199,-1.16674003007341,1.67740005663458,-0.157751108319653,1.34834687137749,-0.0611486832759996,0.108325974022264,-0.507049572204483,0.0382626703886311,1.81082773899592,1.73567568869421,0.931145130803524,1.07113673045689,0.687018272462951,0.590302121592564,0.51777063996229,0.519806411314291,0.531709513920727,0.387836097199944,0.378765257317239,0.447516872297399,0.0178163019246615
3-144028-A-0.wav,3,1,dog,9.75620572140573,-2.7008444791372,-0.149277455444165,-3.22999603963446,0.980087288431287,-2.04650693135059,0.607644791458861,-0.976840572190215,0.732807434588602,-0.254466590866683,0.676287402494863,0.160571958441231,0.0451534137436877,1.922265787707,1.1356489748159,1.03995719075742,1.28890430968062,0.804162733515149,0.993934759773073,0.631347088345057,0.705835632973329,0.616695020249184,0.483185261419929,0.449834148039697,0.408550357181089,0.0180535913254171
3-155312-A-0.wav,3,1,dog,14.9337737367847,-4.26217178604621,-3.87404824045881,0.136514200425809,-2.25429858181058,-2.48486132948175,0.290104912522911,-1.12927029884525,-1.29205282308936,0.653528505185727,0.0217140178529866,-1.05586602505105,0.0402705479305992,3.7201392984516,2.71245166949039,2.15987691876921,0.858660607894147,0.719070970071726,0.718652299731716,0.651173376092914,0.388537183980479,0.305972908063938,0.674012750767526,0.42521263138368,0.446635431418253,0.0111732234801079
3-157695-A-0.wav,3,1,dog,6.71360408886652,-1.38656809578613,0.507482090197487,-2.06202001568179,-0.0696372441979671,-1.50414428518446,-0.775370797456287,-1.53970156778408,-0.362204851728911,-0.244770796000463,-0.0902836533502794,-0.101093331331245,0.0302668266770165,3.54638673072839,2.30729610964537,0.635841475574791,2.95687776718633,0.701942855317186,1.04960733531164,0.68910699819023,1.61254700327409,0.654122412591848,0.489648325773028,0.367974815199607,0.433250238100597,0.0204829998568153
3-163459-A-0.wav,3,1,dog,3.39034882754506,-0.637828607152791,0.439924243243922,-1.00576022255206,0.840991344582205,-0.219640483129105,0.570550799599268,-0.194481821869954,0.452439392777521,-0.0796480995139187,0.195975345405378,0.0141028586670839,0.0188809636020882,4.23334775905387,1.54557358452294,1.08146003024327,1.8957725465369,1.08133714650425,0.436201699683481,0.72942347543681,0.397195270033547,0.638746555445387,0.260759103787099,0.319806379338187,0.242897965975521,0.0280727611814108
3-170015-A-0.wav,3,1,dog,4.56864391131884,0.0243510044274174,1.03881376984893,-0.187749040338936,1.0342663522894,-0.1260496566988,0.651747091364322,0.290283018443749,0.73889447609444,0.415575234413487,0.599611332312829,0.499102916900209,0.0207774434454756,3.33177073943773,2.13186880995697,1.51721591479983,1.69448364081375,1.06339471685244,1.28298468574362,1.03790552541042,1.03436139929845,1.00322848730398,0.959115501452392,0.904184178863499,0.890837208882776,0.0353104944993406
3-180256-A-0.wav,3,1,dog,9.68732425796469,-1.57307522100316,-0.959625942090283,-3.54271466953391,-0.00787724169716137,-1.36441608271514,1.45624653272238,-0.0495103083957298,0.362359615411164,0.275755275520394,-0.0711496599510275,0.106914959019608,0.0379343950457213,2.9675460835486,2.71189723006322,1.25278958638303,2.51723890532453,1.0035768391567,1.27415696709911,0.896863057483693,0.679994970928117,0.623796704320725,0.617369194210013,0.60536110360267,0.641242448039277,0.0151284402579054
3-180977-A-0.wav,3,1,dog,9.6638709634045,-4.43884256852473,1.81601181189177,-3.38534147496238,1.8375606226238,-2.0706658103351,1.81302174763316,-0.785922848125191,1.39054494321299,-0.823107074767549,0.251224792146465,-0.507219311805215,0.0690468739337382,1.21761864745609,1.63471248607201,0.933485329866489,1.54140282438212,0.721224175406478,0.802375450279581,0.75235189250504,0.543990809174221,0.65191493775903,0.599434914967418,0.424248376796108,0.463125973552682,0.0385317475761078
3-107219-A-1.wav,3,2,rooster,2.03904223359684,-2.76564088677533,0.691872509492136,-0.63598867895394,0.685334445257249,-0.584013023332022,0.110621732894118,0.0744219494784273,0.517949879210029,0.650187656750557,0.233513570740619,0.271240715839533,0.0339689675174014,3.00405677367095,4.07355867305536,1.30566986528514,1.24601688974157,1.0621228147026,0.994882851148747,0.836429692335071,0.385414139336241,0.97325681544806,1.21513889449567,0.698938855402358,0.551616906534919,0.0507866731075796
3-116135-A-1.wav,3,2,rooster,5.28373498172189,-2.49594320465916,-1.02250640388493,-1.57841759076795,2.01838290146203,-0.641641406425046,0.404755638685905,-0.462472210468123,0.194430162463024,0.884526735900897,0.606528891093778,0.566915980720779,0.109956512513648,1.56752089594713,2.22172526912955,2.52715728312295,2.97827434524025,2.37098456291262,1.22296503523612,0.982930569126875,1.50888116145231,1.13515676338346,1.43162659218332,0.854950565541094,1.08232219178029,0.0491109887372423
3-134049-A-1.wav,3,2,rooster,7.47069205161279,-4.58083802842145,-0.205228901733124,-1.7940176191831,-0.153772396728652,0.692259839416079,1.05210503336041,0.513790696632103,0.625816753286377,0.135010809957563,0.521334203919329,0.739377611958837,0.0462043213457077,4.50494484328444,3.63071273108098,0.805866271338927,1.63950666480886,0.868834935638542,0.890703546843631,0.866897672474772,0.674447331520801,0.599091659278984,0.592266037808834,0.603339101420005,0.71519797230282,0.0304805877950911
3-137152-A-1.wav,3,2,rooster,4.68693267053835,-1.90716858445284,0.700479672962265,-2.03263637381709,0.420660090163619,-0.780562857079073,0.3646768861076,-0.759934639886508,0.165420300301043,-0.398243195326272,0.0164850693734291,0.0225664795845139,0.0290363072795824,5.02568896021621,2.09240934019937,0.851694318413567,2.23838628471271,0.556460144631325,0.883102744943655,0.475731802790373,0.858363033321324,0.283260222809774,0.490867739844235,0.298426300535597,0.258087692785399,0.0325797176118231
3-145382-A-1.wav,3,2,rooster,4.52928240755904,-1.52758410809157,1.11654325351549,-1.60132033905132,0.765157551179331,0.122433370203341,1.12742143577839,0.232354140092221,0.240804923668208,0.0659663071199369,0.306263960830345,0.473248090892335,0.0321110063805104,4.74452963528426,1.99675300851437,1.29560252307297,1.78110928363387,0.872071504780868,0.489392741065556,1.18667948860655,0.394409900371552,0.410428563880398,0.424632058302356,0.424016298091967,0.663855815391456,0.0493332110748269
3-149189-A-1.wav,3,2,rooster,2.36199308643939,-1.11143424670097,0.128801753860465,-1.22846577610132,0.821267148336012,-0.169007116734187,0.589545339345303,-0.24845136752202,0.51670922679332,0.117725120924674,0.478222794118977,0.373541546941772,0.0222366226798144,3.29458779285469,1.76477357059389,0.443736628529281,1.81676996557798,1.20258339336437,0.40219414200785,0.869950585569743,0.641435984995567,0.812915428792657,0.256902290041411,0.742526050751571,0.571523140111769,0.0321939066672662
3-154957-A-1.wav,3,2,rooster,3.61439229213699,-1.92434755090581,0.471907887020368,-1.7455096014324,0.64219074933386,0.0376573463844423,0.772971087852328,-0.415746485855881,0.813991892173988,-0.267781419061322,1.16017746893388,0.592835514978332,0.0769920968677494,2.34694071635281,2.7383981086203,1.19291323275182,2.17645797093902,0.886936518008716,0.995745024999206,0.71403286587848,1.09983990888734,0.948619130741094,1.01006173796706,0.800619750908174,0.852264204072985,0.0676931855634683
3-163288-A-1.wav,3,2,rooster,4.55726815273839,-3.42004895574852,-0.781874566815036,-1.11865601264274,0.210917039464903,-0.238152094524209,0.421583156936234,0.613502195221381,0.682066739566634,0.332789747929885,0.203330216018187,-0.0376218308546112,0.0291178763051044,5.16305697292149,4.23199225285675,1.12958104456009,1.3290871563712,0.459299898149105,0.686857772394369,0.857677234256952,1.02059065140305,0.848741103958918,0.57350144022077,0.47013994058753,0.441931864544412,0.0359642450246474
3-132852-A-10.wav,3,3,rain,12.2206964098311,-3.16228100158494,2.90783819453742,-1.45774209965154,2.8556449135419,-1.43915681656136,1.73463630810023,-0.600234737911159,1.17641075229651,-0.0256764892275357,0.695127834972359,0.449416370888914,0.0108714983963423,0.430627586927309,0.582511516841846,0.350329780947199,0.368323512735131,0.301611855115451,0.318514789691557,0.267712883452644,0.26395339779589,0.228869258153263,0.223077597805483,0.224743177042001,0.21060101411324,0.0123404995250382
3-140774-A-10.wav,3,3,rain,13.6398369439645,-3.11464661172128,2.92256525012901,-1.80469889609802,1.38684391545383,-1.41464640523533,1.01255131667571,-1.34126486034039,0.417544062169714,-0.634333923377507,0.253527260439845,0.0742233658624744,0.0294127243414767,0.667260122441955,0.511671703940645,0.347891448325315,0.348757334192092,0.287143883995074,0.308134156683745,0.229888028568277,0.256862089093453,0.211186609596992,0.231600328680269,0.234846168786467,0.244222567337433,0.0084288086413169
3-142005-A-10.wav,3,3,rain,8.47783687290355,-3.71158256999829,4.43713278536435,-4.2662005584761,2.66165732123324,-2.66401701468033,2.42176019776723,-1.90856556435174,1.4191849000293,-1.00215558224815,0.323814579897594,-0.102681710792104,0.121574900624403,0.706377943845991,0.656794216341621,0.525451699363066,0.536709636194713,0.459033380725108,0.45581304021085,0.356954470782151,0.36989751864959,0.288086674513991,0.327285830916652,0.276001717186597,0.291245102391149,0.0429580246685477
3-142006-A-10.wav,3,3,rain,8.5262499255481,-3.85075872901859,3.98291731077407,-4.61842440886928,2.48409730312211,-2.73769681070501,2.42031531410652,-2.03383364911913,1.48331678283614,-1.07033614089599,0.358592571626518,-0.126754330174016,0.12612730525795,0.57822739511552,0.485762591675729,0.477734675014358,0.416196678722576,0.37648075979253,0.315258578489324,0.296952407300772,0.282682415003597,0.260358542377079,0.255942975869585,0.250639183163959,0.278118142466645,0.0240712115745463
3-143929-A-10.wav,3,3,rain,10.6685754958975,-2.13431418607586,5.72393048786901,-1.29424873653523,3.14860169082702,-1.62947516947509,2.12353193580216,-0.977071401608283,1.17695410449864,-0.507927918794285,0.271664644543672,-0.0358204454040397,0.0161371788419544,0.740822822921032,0.500828502435825,0.398837308946082,0.371144399562918,0.345582316818611,0.282564379636856,0.299193431371152,0.241327617680007,0.263309239532705,0.230337696954546,0.228652153245666,0.242679641260897,0.0125351794102952
3-157149-A-10.wav,3,3,rain,4.882988698418,-6.75921776368792,3.39918308998116,-5.53972233681578,2.11313449813485,-4.42359030803544,1.09067220147057,-2.7690478446368,0.654364302064012,-1.24514727812879,0.117092448828651,-0.217654737844303,0.263821578152723,0.499445527957479,0.45137959551723,0.410335979192046,0.373573509920508,0.319856155784008,0.299340817732029,0.260779361577949,0.242485790494928,0.217657658118104,0.238171162311918,0.233315052038441,0.243617540730973,0.0197530838434317
3-157487-A-10.wav,3,3,rain,8.67726223312513,-1.8674164179013,2.83170774120161,-1.88611115691351,3.14301886842328,-1.34468341074362,1.67182689800988,-0.740964914459786,1.0737849484758,-0.657079408854895,0.700216247864636,-0.310357252305524,0.0526258828647468,1.3185209575856,1.03020961315716,0.82892431410913,0.749232478660034,0.654546955822134,0.62531986221379,0.494268777429119,0.47779891663358,0.390269829662484,0.354524511275266,0.379232671127137,0.360731744879235,0.0247176978163212
3-157615-A-10.wav,3,3,rain,3.07935036472808,-4.3420909985213,2.44767154633873,-3.45516019695004,1.55803920746468,-2.58327620765691,1.20939708745798,-2.08854408956654,0.888710128258457,-1.73971972038777,0.958637872506094,-1.404255020917,0.278998108451617,0.442295820560546,0.423171043354138,0.347122258883542,0.327290587546265,0.316264547064689,0.310676306379561,0.259561869072491,0.289549089245207,0.23575095090721,0.265615862619839,0.210624489332686,0.233568759784651,0.0184126125688399
3-144827-A-11.wav,3,4,sea_waves,10.5581300885507,-5.34218833036071,2.95246074053119,-4.72190440236679,1.67042050025706,-2.68413699683361,1.26526409988099,-1.96345280864813,0.405326953632368,-1.07868024119322,-0.164843889834048,-0.0199280504871485,0.0681038453664528,0.452217614394521,0.589990559321775,0.350918330902864,0.442093711739425,0.29600720688942,0.293302251160445,0.251716366853526,0.305913741254471,0.239940922353792,0.243587717177674,0.229410300600499,0.222026440196849,0.0127910503542519
3-144827-B-11.wav,3,4,sea_waves,10.5633331189611,-4.64068488596577,2.95238564204851,-5.12763680156516,1.37098008669087,-2.62589665503399,1.25091125254689,-2.06802723942363,0.207785215462819,-1.12248413233145,-0.232534205136752,-0.0495439144275879,0.0580936732291525,0.416450134568834,0.650275204294834,0.387440340472196,0.549251450628114,0.367634756913849,0.306736445884515,0.234431355264102,0.345144204148088,0.241665238535715,0.239271298599398,0.207972564630167,0.236177299640386,0.0139484903653524
3-155642-A-11.wav,3,4,sea_waves,11.0300015996599,-2.56948732038858,4.09402573389606,-3.80877302913323,2.41866851749131,-2.36091325651667,1.85068025962983,-1.98215342483806,1.19342891383121,-0.984112787963881,0.164287267453157,-0.140385461981,0.0433789942165962,0.382409828856703,0.509279926006884,0.381846488212012,0.30892719852395,0.298859848006558,0.358066179287876,0.235918274882586,0.24253706742411,0.202096086843045,0.245089564166719,0.212717700070973,0.204473101975371,0.014149822018191
3-155642-B-11.wav,3,4,sea_waves,10.8283491271755,-2.72839720499166,4.26933959671336,-3.93362499927134,2.56089549724072,-2.50910841021764,1.90990814771653,-1.98156886498442,1.09144357689515,-0.990457591412811,0.204876021925752,-0.150292382272775,0.0503241435785451,0.499232178932417,0.560944210535748,0.362846433719841,0.33330279363067,0.333874812273446,0.38761211203791,0.253359069238394,0.245629272622276,0.235407756934794,0.241884296739907,0.224782170388937,0.205919926057595,0.0191184120443837
3-164120-A-11.wav,3,4,sea_waves,9.57006504337418,-4.94091753756928,4.57337577195007,-3.81590389421037,2.76940516440859,-1.82319494692397,1.35343686849533,-1.39663894232544,1.32128964679446,-0.720266964983282,0.151195597287098,-0.11051035262902,0.116966197369319,0.472885489923408,0.546708351466194,0.376024671737107,0.650402930092081,0.396560367555177,0.484386005263553,0.235683157869111,0.428488196758569,0.241526285723207,0.251864647642747,0.188750197998572,0.207331011963283,0.0281981351932863
3-164630-A-11.wav,3,4,sea_waves,7.49136991843321,-3.17588847176329,2.1413581090542,-2.89385873491263,2.11618798190321,-2.65788024665149,1.72455709884882,-1.60512660078482,0.970034215278252,-1.23890411651126,0.62655630861224,-0.661992399849452,0.109727186263136,1.14788784915992,0.851569063160886,0.790336585901331,0.721835288774076,0.680398849913419,0.600339005993896,0.59162057047378,0.491461724797897,0.448160405966454,0.423231722313778,0.421187873675655,0.391068392614068,0.0248805875221686
3-166422-A-11.wav,3,4,sea_waves,7.54985100831193,-3.9450761326946,2.1446733462596,-2.55955690597902,1.64548141193261,-2.43414790749705,1.58640781323285,-1.41864164183877,0.613883215096888,-1.35341277881089,0.444361770504667,-0.550659184646705,0.136446160178108,2.81427962154791,2.01651556069047,1.27662877583733,1.29376786239807,0.938604903006577,1.23407498787317,0.719194057510342,0.834972545047967,0.408969795674751,0.641882879051353,0.314027969203104,0.466719472947236,0.0645554044824538
3-187710-A-11.wav,3,4,sea_waves,6.33865400021044,-2.11552750517678,2.37126658794552,-1.73726555578153,2.05080176098058,-1.58672097391997,1.08941788242044,-1.01614111434516,0.589606099518704,-0.3753707743194,0.232808479952779,-0.0159474111221329,0.0740374854988399,3.38800174827802,2.33254554979287,1.45793266063359,1.65908624561795,1.38193589880506,1.34112631171726,0.828573609764339,0.919819696882762,0.46329645466752,0.458630181387327,0.292507151579925,0.24112902586031,0.0493002827574465
3-104632-A-12.wav,3,5,crackling_fire,5.58415481737397,-1.56500417429618,0.771088985756354,-2.15715271792493,0.306165315850849,-2.02660455010493,0.0612722911848572,-1.24797680832386,0.270207097630993,-0.737364429213278,0.561247088762162,-0.327188572888401,0.0808620939675174,2.0663745762101,1.18119543330266,0.833559547472787,0.730200802775651,0.694621758029487,0.562655557989503,0.539544770711561,0.505397076598967,0.516824044877328,0.50358717932741,0.407226521880056,0.541250372914572,0.0646882068814959
3-104958-A-12.wav,3,5,crackling_fire,1.41161111942296,1.66457275484559,1.03071322976517,0.0823916923900826,0.586594709006557,0.066656830505983,0.0941603148556962,0.0341883469724788,-0.0208699310439745,-0.178057195836075,0.155275366824357,-0.11600404839859,0.181457094692575,1.61097516838654,0.952455788253458,0.618214948779003,0.417492902481897,0.388673771000153,0.267314606689062,0.250220389602543,0.28449788407436,0.268648524855095,0.222934398861007,0.210659100491343,0.212962786835404,0.109827042788167
3-120644-A-12.wav,3,5,crackling_fire,5.87463428730438,-0.253648593615668,4.79548944851281,-0.658854386875635,3.40946507803789,-0.594975381178113,2.19352120004242,-0.27707977885485,1.3603084639612,-0.00891507133313086,0.743972723541811,0.133766158246157,0.0349228986113007,1.53569787542903,0.737919878129056,0.756461377189467,0.601848928393883,0.665677878553676,0.474862688832459,0.406706362639278,0.362126354980543,0.340261177759914,0.321360131081688,0.299950716459269,0.341334119865572,0.0474350287763394
3-145774-A-12.wav,3,5,crackling_fire,5.75732096052349,0.884257029075743,4.53361441310178,-0.472208462893743,2.57938161020488,-1.08852275678335,1.72763941456334,-0.570930077020496,0.71445003319892,-0.119979215430169,0.406094263220223,-0.0448902158917319,0.0501989377900232,2.11358241869169,1.05207315149327,0.82396951283655,0.766614776877048,0.631657288259892,0.528684988763869,0.480087574670599,0.422270378522546,0.406495902998437,0.30329867093005,0.337154355937779,0.354948330628213,0.0568088993392683
3-147965-A-12.wav,3,5,crackling_fire,5.3087279887964,-1.90956461750082,4.06269301043011,-1.16276821030204,2.28905398360311,-0.835272979380691,1.74520322175912,-0.78363125475134,1.17376591300813,-0.80154722754731,0.287382638382256,-0.904196920842669,0.0975504235191757,1.27369391726337,0.707430181307899,0.75310656797312,0.598643714590655,0.608828706131182,0.499175354317021,0.441848047604723,0.347372923475776,0.329889369724336,0.319231444248426,0.304764584835333,0.333879028153082,0.04951815664628
3-157187-A-12.wav,3,5,crackling_fire,3.02366290918449,0.231768299091609,1.83296584811273,-0.159809518981478,1.22064500503516,-0.296861489026264,0.782024751058461,-0.187702393907322,0.351896936275178,-0.141196085080366,0.0872539569937173,-0.151920906882514,0.0100080662703016,3.89769251323123,0.799086368206533,2.34613352962229,0.653890747532334,1.58321044116777,0.594134001233917,1.05197458691867,0.478346860431023,0.545296906830184,0.290615491720447,0.22053206402927,0.245790898272918,0.0231803570954024
3-158476-A-12.wav,3,5,crackling_fire,5.88131933060177,0.296842143151624,3.99496681303219,-0.360414554243326,2.51615183012172,0.0253989488594032,1.68070148035819,-0.138185128748073,1.03397515127003,-0.0121169974765866,0.435611841121125,0.0399375083715199,0.0386411400044356,1.70543234088198,1.11421439311643,1.15272354286339,0.737353392720762,0.837574757425879,0.483753430216094,0.586805369319722,0.470552773349724,0.419992920157648,0.365004232959891,0.428716424243932,0.385017709688884,0.0597982506345369
3-65748-A-12.wav,3,5,crackling_fire,6.13559633560797,-1.8535677499854,3.35631488534172,-1.46618658702742,2.67293558152653,-1.40722410488623,1.65268846530656,-1.49419862295077,0.760196824510697,-0.882695319257211,0.711117333792129,-0.684682143133191,0.114601148790433,1.20679854879416,0.643226718512043,0.661329568042578,0.53445103838526,0.550147787140898,0.437030687692578,0.388894989055575,0.297320520909687,0.296050001539986,0.288205453725475,0.313402175008572,0.31904684926585,0.0512136392718058
3-151080-A-20.wav,3,6,crying_baby,6.36945235167357,-5.13895766730651,1.36501292574138,-3.52070824062332,1.6688538344285,-1.81556124112099,1.70883088822869,-0.247851127112804,1.00775926766142,-1.36439375510191,0.216072441878085,-0.396563492698842,0.0856988706155316,1.78922148746519,2.73425002242686,1.04750208398061,1.29528075302357,0.69642368418953,0.835074983124335,0.480850219799999,0.784059990861141,0.630305176460642,1.32848420317139,0.519749274008898,0.513353929704137,0.0456111572976762
3-151081-A-20.wav,3,6,crying_baby,5.29023610965256,-4.479849727115,2.49447565386432,-2.92988527685051,2.01614560684926,-1.13460637560698,2.34591705922742,-0.472892213293944,1.23387685116137,-0.80563210961647,0.149560086229431,-0.767443518608962,0.101585264688822,1.88286413054269,2.18708730204439,1.33133427370313,1.38199430793815,0.668939009386377,0.843203972668632,0.692970410584176,0.825824532631127,0.536043722732795,0.975129120619161,0.541404555769753,0.632731094525422,0.0630569444620384
3-151081-B-20.wav,3,6,crying_baby,9.12952479841759,-3.55699812677516,2.36791212749919,-2.6651255160021,1.96442178592052,-1.21612102876677,1.52892340160273,0.0937204248245199,1.09967883162099,0.145164613766953,-0.723017629103927,-0.619863749390204,0.0515224352139348,1.85754156147896,2.15959718592962,0.978617969655677,1.37594219199885,0.616488793778169,0.942535405982328,0.825520615482243,0.646836813806967,0.502817034877898,0.741866663202737,0.843734611289821,0.579274155365339,0.0303072070879445
3-152007-A-20.wav,3,6,crying_baby,7.09368960154922,-6.39777607657669,2.37875490451224,-2.72044046020105,0.506407118717874,-1.14349106513785,-0.339620186487027,-0.98758314470271,-0.22487959314071,1.09072522007944,-0.343081472798035,0.838470395323365,0.0992453532311997,1.54127104697895,3.55217305514777,1.12858444188244,1.53960651135628,0.916355902428444,1.10137685004764,1.0730565963064,1.07647799775911,0.871017408529312,0.867121932486403,1.00207821832199,0.962827740461846,0.0638332092826858
3-152007-B-20.wav,3,6,crying_baby,9.36769269568482,-7.4665971386297,1.50767003269918,-3.93422416038335,0.240071909668683,-2.52928426238542,1.14122673028887,-2.02511527911156,-0.611772441335923,1.95590788293806,-1.25159689673886,0.542977136275581,0.0803051054746144,1.53223515165464,2.01825506688539,1.20240528921198,1.06442761338718,0.697367691106491,1.07150476240817,0.7211048389196,0.732808743437999,0.62277279974277,0.734348634713259,0.691449695538922,0.532518956026456,0.051407149404037
3-152007-C-20.wav,3,6,crying_baby,8.52663285702797,-6.34638681495804,2.34608555751785,-2.52110580621264,0.0747919975674405,-1.93994416875388,-0.495880924464658,-1.30943030442505,-0.391766905384322,0.914910700147427,-0.836813905307068,0.605609015032,0.0832774701020199,1.28970314594539,1.83239573003999,1.0591092346427,1.263233128402,0.886498793903211,1.03388547334953,0.712814162399407,0.905763381729152,0.837972639122717,0.947544031888381,0.555179648936754,0.726310775562492,0.0636616570551829
3-152007-D-20.wav,3,6,crying_baby,7.17393797777226,-8.10933418449149,1.82781316314737,-3.2215361256606,0.644257236944942,-1.59374982586412,-0.0327371734191994,-1.11177684458759,-0.273103705813422,0.945999837007691,-1.13348955816615,1.48401388207812,0.107750976695783,1.78377018473597,3.19739559055062,1.24272471365798,1.21461771978217,1.03016562605916,1.102272986413,0.977589579251516,1.12274916702431,0.540093275856388,0.779621276065827,0.654709799306206,0.988873448301903,0.0534324252728679
3-152007-E-20.wav,3,6,crying_baby,8.74531830855076,-7.35712857511265,1.58025921533335,-2.82183466353076,-0.390300587571666,-3.17330140099297,0.601507276160984,-2.12881707212127,-0.91978292021522,1.5978106149418,-1.11642140773544,0.913827623984418,0.0678791840111915,1.46063815026691,1.89062838095671,1.22927469522401,1.053903245021,0.683712554983799,0.945803792109371,0.91632516918134,0.889740892454247,0.956046448590533,0.735797531954091,1.06295290428689,0.783464374461628,0.0514761170471932
3-141684-A-21.wav,3,7,sneezing,4.08150671521743,-0.883395951004892,1.11468170316737,-1.1008987247913,0.368966084658282,-0.671409517649868,0.292442038909607,-0.908010480351175,-0.0340320373299823,-0.334238475680578,0.0399101167708728,-0.419350953248374,0.179919545218029,4.17924163139656,2.24636289296802,1.02516597257881,1.66854975089068,0.570703191541357,1.23050757445038,0.582742676676748,1.1458589672088,0.56502034182727,0.619719350569367,0.47945184324987,0.422679739221533,0.209720359561193
3-142601-A-21.wav,3,7,sneezing,2.45950376305233,-0.160177076817142,1.69317169979336,-0.150907793641402,1.32975560403185,-0.0544670160665907,0.940819840928524,0.133572086721982,0.65507867715989,0.280096327206128,0.423028774558792,0.449738484833213,0.0213325659802784,2.55074004475666,1.75385667091296,1.77041555018388,1.36300716322696,1.39991639266208,1.07362977702228,1.09221271784147,1.00932133982263,0.980208940849936,0.960454196696486,0.888602793432235,0.859531101463384,0.0581998483216539
3-142605-A-21.wav,3,7,sneezing,4.72172704482769,-1.02569880731142,3.47361070259317,-1.10912125135323,2.64419772840565,-0.803993133082077,1.80896183654329,-0.330083119725397,1.1279036519106,0.204414761829503,0.647016772465961,0.62595250312174,0.0344515842517401,1.28037372050606,1.20484635356678,0.870547162798947,0.641307299577015,0.61347972904359,0.493894163405801,0.529607400243328,0.46488626594663,0.496312447032275,0.445686179798895,0.342154862826482,0.282752437206041,0.0598681637955068
3-143119-A-21.wav,3,7,sneezing,4.25479437005135,-0.435175566416507,1.49306784442952,-0.422102691521306,1.26597099856397,-0.473322742619875,0.711495569228969,-0.522238199084757,0.519814135999875,-0.00428107522671164,0.359606122373821,0.22058912405193,0.0564684237238979,3.28988293948059,2.14498645091617,1.33462233938367,1.56110676903571,1.16178714690093,1.33979536734644,0.885756580499859,1.33480648615155,0.850247352552745,0.919978246176608,0.823193903761765,0.836433098867404,0.0593392274707619
3-144692-A-21.wav,3,7,sneezing,5.92698300074858,-2.17493907455443,2.29579238539754,-0.673980360204673,1.32764425537341,-0.769505915803687,0.685027453346273,-0.762880264284019,0.28598218393029,-0.476478298459062,0.159251733009428,-0.0505743845649807,0.09375,2.88175693919692,2.84483326723476,1.7527233079466,1.34209732636667,0.953500859631511,1.19862644487427,0.622633857014008,1.01544712571763,0.633045360000349,0.764076825255756,0.511208370367272,0.626888905577418,0.0824187318050256
3-148330-A-21.wav,3,7,sneezing,2.23253150782304,-0.843777385322609,0.562576229578925,-0.588363257736806,0.499231513584331,-0.363856321221099,0.183113107225419,-0.35843088661806,0.0534625797143031,0.0370927793915214,0.190970536180595,0.0453222607489826,0.016592499274942,3.99745321358278,2.01401306510074,1.18753990837399,1.21507897681939,1.01863340612804,0.883993358122365,0.394859853251757,0.842001299525179,0.331220499995106,0.287984256583806,0.400655540528121,0.235497021771912,0.0336686161186245
3-150231-A-21.wav,3,7,sneezing,2.60128719148747,-0.790361161129248,0.989157389869179,-0.200133501959094,0.712748225725294,-0.10019445758786,0.504677922398373,0.0841071595659974,0.33734677188536,0.15744552733056,0.318545720822174,0.452102449943311,0.0254971178944316,3.59161158650083,2.8237801887476,1.7815222270926,1.73644975840779,1.25252313582133,1.46662272929926,1.08313753380379,1.26790289596731,1.12903067586073,1.13005285513323,1.0474030434228,1.04703119988352,0.0543570264411947
3-156558-A-21.wav,3,7,sneezing,3.78915869192908,-0.444245350443343,1.34160775176985,0.108638190502499,1.1384344102823,-0.0653656923022414,0.901148208213504,0.0290078250976957,0.717554023951863,0.206165900260542,0.572133878660346,0.458444866545486,0.0182827907482599,3.7407971451464,2.3219625403414,1.58488549632471,1.41049142368909,1.36235203051921,1.27918374706964,1.16389628029909,1.23200084206865,1.02839524176314,1.04824457685458,0.943427743382463,0.939995060544334,0.0450293375186407
3-142593-A-38.wav,3,8,clock_tick,3.63521765769169,-2.70560210408959,0.312325801128374,-0.281700947062934,1.44525652027452,-1.07080423366556,0.0909780968254093,-0.762397747829077,0.122352411049304,-0.677886748109884,-0.320478519373859,-0.613667532853583,0.181824848377576,1.74857359054933,2.03243669549451,0.780431874549717,0.575540461146887,0.702424199521327,0.58490429657503,0.45545208946014,0.465471847992892,0.460758838912917,0.445787095998734,0.348298288400901,0.400663705190577,0.0531583836019204
3-143933-A-38.wav,3,8,clock_tick,6.51953482633759,-0.137560779891469,3.23116422318473,-0.709321058240798,2.3488053504388,-0.914641436337619,1.63817733466324,-0.426987887148565,1.00755673392254,-0.217128028267918,0.487610329764717,0.15787639806922,0.0421375456360038,0.894264769517295,1.81393966467742,0.641956501383947,0.461841537034452,0.364678694484537,0.476010427812087,0.424235003688762,0.433519871959394,0.322643341987491,0.281790535295618,0.267167206124669,0.251419277214279,0.0420836751768011
3-150363-A-38.wav,3,8,clock_tick,7.38437946407235,0.665097450432775,3.19835704935301,-1.04549435136435,2.2798302769009,-0.527241751620038,1.48805283868305,-0.379092668783502,0.776769808573519,-0.215974131843008,0.35826217373968,0.130580824720008,0.0333056993824212,1.22186696212651,1.31706652134766,0.343283792404249,0.842944771118018,0.390948276316021,0.415411961113581,0.299002773373758,0.407611927529975,0.309763922933413,0.448589526384607,0.362233399817044,0.299488179387423,0.0439562942296105
3-164688-A-38.wav,3,8,clock_tick,5.89788496402779,1.29704813858303,0.585365715053972,0.102559717698963,1.47895640529769,-0.0679072935448245,1.26168498135733,0.46853374799255,1.03064773422759,0.167922451792928,0.737804164186822,-0.0659578602846278,0.0436260204125153,1.97766612752775,1.93080292962384,1.22344113511205,2.00995864739444,0.602139607432187,1.33651798455807,0.586446856487504,0.781407799316667,0.423342507983043,0.685630894622691,0.604539582356202,0.606712572432018,0.0784746102408238
3-170377-A-38.wav,3,8,clock_tick,5.79964952531349,-1.44328190269098,1.79347568108535,-0.577874776107078,0.292817663534339,-0.362953594768139,0.277560727013637,-0.767882106665211,0.342173950073068,-0.660864061301872,-0.057733034715745,-0.450668525567743,0.110631322932305,0.604281331221697,2.35656440561586,0.541201265958542,0.595495361077114,0.349641429188267,0.28885250362171,0.270948201261784,0.395837568304045,0.287807376829584,0.306154326392698,0.313212701527647,0.344480059590125,0.0357754805376695
3-170383-A-38.wav,3,8,clock_tick,6.22063065849092,0.316957114435053,2.95894643234397,-0.687406955964411,2.10278860835301,-0.70861507767356,1.33650672975623,-0.31300697446896,0.970640003218229,0.30080318632847,0.653529291433077,0.476074173394056,0.0262856984441108,0.994325324158699,1.2806478812766,0.535684228414042,0.962160162359156,0.458275205500394,0.843896220317546,0.453494454651038,0.47991863340864,0.348561850725433,0.336403814169408,0.30604571699027,0.315002555414272,0.047916596184211
3-171012-A-38.wav,3,8,clock_tick,7.04182747600175,-3.7320966781817,0.791484919213649,-0.863027450835997,1.04525200743709,0.012907442495193,0.524378699879371,-0.487280027192239,-0.0292391573256724,-0.379010762406097,-0.165504539835071,-0.272779279372406,0.0968459976798144,0.809112577482832,1.20004189478174,0.581030110588835,0.621863028287759,0.561012331218876,0.30770395739558,0.229990310864497,0.498177898741882,0.303665870836372,0.320052279173734,0.234306187838225,0.285691375900083,0.0168381896357587
3-171041-A-38.wav,3,8,clock_tick,6.3207019094028,0.636137962072757,1.12838027108467,0.0578821231182679,1.04631251402185,0.188476758687593,1.20598114375637,-0.10077730606418,0.174553598467821,-0.502316395034547,0.438982055960082,0.210796162153298,0.0675578926828852,2.32661764931419,1.30778189326472,0.959699461399887,0.627215995048996,0.729670342384306,0.518897569047296,0.516829379286148,0.521034786849303,0.396101747038642,0.266902688892776,0.391076079928717,0.330446653472592,0.0674296265127441
3-150979-A-40.wav,3,9,helicopter,14.233553023879,0.367269021603222,3.64605922028911,-1.30909004139587,1.77513640092652,-0.77223502706803,0.964433559385967,-0.866543393081603,0.878775954713315,-0.144309362691708,0.0112210404643154,0.157384564765261,0.0101191974034393,0.477498142976468,0.356259416650045,0.322849251494192,0.326815832339875,0.339893010824354,0.254696939470794,0.356479731929619,0.245627725145737,0.227352489773974,0.213932081888754,0.237194174293473,0.204500735997444,0.00480071008715829
3-150979-B-40.wav,3,9,helicopter,14.7939312541254,-0.724312626710504,3.80742108636747,-0.994845289391161,1.50166031136299,-0.51681440675418,0.82149122142001,-0.519271145861356,0.239292139954401,-0.319607634918507,0.175287992916473,-0.185030952618851,0.0112567920874846,0.528823390862232,0.631024651701695,0.675034860024335,0.885871043908164,0.377503674966817,0.34766289247522,0.412570064012714,0.424778887702802,0.23422842863718,0.349391822516705,0.342096557132071,0.34256835915336,0.00495228716228152
3-150979-C-40.wav,3,9,helicopter,14.6001704021128,-0.100776802468651,3.85269211554898,-1.37147519144922,1.47305049260082,-0.880557540780437,0.39545738685025,-0.979806432827938,0.4053999096351,-0.312846155019861,-0.22262815365468,-0.14458117706368,0.0115556652620445,0.757308934468449,0.336394632874624,0.304516707077143,0.309788689577955,0.351137673576439,0.267169831211877,0.302955610244377,0.319438062756792,0.237287394428821,0.217281795595419,0.274046680576807,0.229635231237974,0.00382256621820534
3-154926-A-40.wav,3,9,helicopter,6.49709808139723,-0.270589189396963,0.182890942352896,0.0854767629765114,0.511457862033713,-0.522566861098165,0.412221571733844,-0.166085623979636,-0.0204536934577446,-0.0205446344583098,-0.0418740887516096,-0.199144595933802,0.00725058004640371,7.92263936374851,0.634814651779803,0.44744265087627,0.367000818478653,0.695743089588225,0.720148694396019,0.579855811465629,0.29604589477221,0.174225898363303,0.17182796837067,0.19244363762285,0.292337956793103,0.00962173983266216
3-154926-B-40.wav,3,9,helicopter,17.3311754429637,-3.15134105992032,0.778924599141212,0.00212787777489453,0.363055246158608,-0.971641506464773,1.02128192969431,-0.734543144157524,-0.264735336449272,0.368682182920899,-0.636106781810321,0.167965569603205,0.0274549611027706,1.18308795914522,1.19988304671458,0.619954067788472,0.572287608845903,0.479117792447655,0.36031753742387,0.534030187222817,0.49906628130293,0.573716214472712,0.436803200345052,0.599472841371542,0.488009318197159,0.00847782712418724
3-68630-A-40.wav,3,9,helicopter,14.8836457058242,-5.48166949929354,2.94832137106843,-2.0043800624729,1.76505956144798,-1.44912633070466,0.974746022940035,-0.472220259287335,0.137810402772846,0.32889828870307,-0.444525087822819,0.142420168912499,0.054234818564897,0.561932945523784,0.63785363126263,0.37699555919689,0.392512921706114,0.315845475497736,0.287587775893883,0.354149532043503,0.379830241415421,0.377288018733166,0.440462841870652,0.323405342883242,0.319435358091064,0.011996658902089
3-68630-B-40.wav,3,9,helicopter,14.8574209698021,-5.00109827122715,3.32563667862542,-2.13863769331021,1.8384974282656,-0.998416905680661,0.576468000162687,-0.101832884422186,0.0483843566357742,0.0477467441958153,-0.107068319339137,-0.149799420002347,0.0430779352054047,0.524834828158922,0.546508155810162,0.463223839543907,0.454343831795539,0.311806735745596,0.342725809358699,0.504947022060406,0.486089268467798,0.381373176141513,0.34272437023508,0.327075533664094,0.309161077503688,0.00945153543110223
3-68630-C-40.wav,3,9,helicopter,14.9473845861131,-4.41008566778899,2.27118589764114,-2.12933891086206,1.2681990935594,-1.61282632366972,0.973955507557912,-0.733344325538001,0.266631474382521,0.0092096817633668,-0.22237209391807,-0.013804411304533,0.0410024566671216,0.640787113750502,0.664683308953208,0.801627203814194,0.513226061535729,0.413645670890771,0.307255236071195,0.324771886700158,0.335330191361257,0.311101929892057,0.387325601890487,0.31555789881029,0.350457751646468,0.00851895880978105
3-118656-A-41.wav,3,10,chainsaw,10.0292502665949,-4.16384269749598,4.07903618842462,-2.16546921539921,2.92735459430579,-1.328059115906,2.4360830781684,-1.35922842505944,1.24670859190849,-0.0686327467808782,0.907764083094689,0.347282532718602,0.0404451749522315,0.664276099485503,0.782391461577207,0.693658116616717,0.507608097314683,0.451796006248635,0.48515778145728,0.459749761978047,0.260493285187394,0.334007600779486,0.44707384819446,0.287530563801576,0.333771718399396,0.0180933131714521
3-118657-A-41.wav,3,10,chainsaw,10.5741300139207,-4.14851415033925,3.51396519102843,-2.35785329913423,2.44849511529299,-0.180289237889397,2.3166356702463,-1.66032143967091,0.722214614490781,-0.165345605975158,0.111988874865416,-0.0397267535123524,0.0577672905008871,0.749931096179437,0.975016481994756,0.515585867679035,0.935042001458356,0.457689821770168,0.490932629984931,0.526443682094164,0.308508595867709,0.349649221097015,0.576058907525738,0.316134410722745,0.402222274344682,0.0247595933152204
3-118657-B-41.wav,3,10,chainsaw,9.04281904323543,-4.84781377221788,5.56580300097206,-2.07584903324084,2.9166158086002,-0.959702639720651,2.68868835801179,-2.06422267831793,0.341100105579821,-0.96387954652487,-0.328450701073602,-0.796759776776936,0.0451557595195851,0.715694949048111,0.955254975832171,0.573444015099625,0.894645851636263,0.41330752752308,0.597247192023581,0.470172881228409,0.291359763183293,0.351608987843559,0.464068154680202,0.246690057799782,0.321587570629013,0.0156892483727972
3-118658-A-41.wav,3,10,chainsaw,9.93631204466704,-4.11485741067404,3.44847816175774,-2.02628802378631,3.15025890629016,-1.43038787646179,2.46104149612391,-1.64352040736912,1.1296227092756,-0.440472130215254,0.356501594772217,-0.0230049645820941,0.0571393689436331,1.24948637250906,1.2668340114891,0.580525232883828,0.912738106680255,0.396403105424265,0.687596411017107,0.439697896008389,0.581412981767063,0.365392115333894,0.40782981797124,0.360992049792539,0.284020022607903,0.0288857298398505
3-118658-B-41.wav,3,10,chainsaw,9.39087739464301,-4.82687044157555,4.12611920065341,-3.40176965534076,3.46755716579191,-1.86537351890539,2.49464887865123,-1.35980926635174,1.17289202165732,-0.884803888208437,0.180588748346207,-0.240686358842652,0.0461821964139484,0.522858690516165,0.577568437041341,0.432136451020786,0.413205265241707,0.274008142603102,0.372768987331274,0.2663054266325,0.224146318670337,0.20689899043958,0.264885730483566,0.248245371260299,0.214100029341943,0.0258800619350267
3-118972-A-41.wav,3,10,chainsaw,5.68843451099102,-3.06759971504292,1.99759668007781,-2.15014625093476,0.844801636001688,-1.96842587498102,0.470218716540444,-1.42751134125937,1.0430508135896,-1.32026230252147,0.704161528490999,-0.754474222081912,0.136224057851099,1.10538404851142,0.913730168123836,0.744834576359,0.655200014149735,0.602810119522526,0.494214961942765,0.420892869317061,0.454285986898711,0.353053385848273,0.437169060208958,0.388102348877837,0.453999140551691,0.0270498993778147
3-118972-B-41.wav,3,10,chainsaw,6.12736488347153,-3.54591418328631,2.48832545493635,-2.50541021332465,1.06891287212803,-2.15101685113408,0.79750536086744,-1.56706391544908,1.02945479761291,-1.3725120251528,0.689556657655852,-0.967988079665715,0.14256277083049,1.67795489364127,0.94827475237049,0.755277217798857,0.646331184885968,0.503984613633561,0.572799246539345,0.403979608780907,0.46367442802249,0.372417387992096,0.507559608768955,0.539536782062189,0.417725737602385,0.0388891537834904
3-165856-A-41.wav,3,10,chainsaw,10.2234399001211,-4.35060023166246,3.03822094286245,-3.13668078898281,0.26082490760248,-2.78964633436706,0.525395330867906,-1.46772858269953,-0.0241357148583505,-0.175362513836827,-0.089927574990902,-0.0702425771156165,0.034184592304149,1.43856422432212,2.00933123197046,0.726719168407509,1.40873332472418,0.529486204370687,0.865627285656428,0.543871579667839,0.46877144650578,0.375847180307667,0.258971624984206,0.252629295076721,0.260923308706902,0.0107711222341257
4-182395-A-0.wav,4,1,dog,1.57118695434715,0.440309985282952,0.572764339124799,-0.513301955015185,0.00574844410662386,-0.271762857430078,0.163474913170274,-0.24493743454987,0.0734180825227673,-0.112379127319903,-0.00339855564228225,0.000536349186872551,0.00966366371809745,3.51884983072216,1.06676916931573,1.25942701660765,1.43926215732661,0.235670174646324,0.650033986402052,0.436178211209325,0.60766031739042,0.19640577884502,0.309957826088538,0.196319449155869,0.135620189475177,0.0467006405957992
4-183992-A-0.wav,4,1,dog,11.8472641987151,-0.40222671773977,1.59566340420765,-1.14036370143007,0.671356577009762,-0.566324596888101,-0.256399191184586,-0.739541233138024,0.155209413596758,-0.507500464407728,0.285554838492478,0.0714541087535056,0.0212194622628634,1.07054737559762,1.31673295014655,0.590421011040823,1.73242289768357,0.630763356334091,0.759399041909415,0.437851845196699,0.373732578785664,0.488191750328005,0.289028484452477,0.439439764452129,0.382263788473046,0.00834801232584771
4-184575-A-0.wav,4,1,dog,9.14571437472344,-2.00280821359807,0.0827220608321455,-2.96068132418823,1.38081919447687,-0.12681023666421,0.965397513730524,0.810765611559143,0.790799028612868,0.540576215949796,0.691380053497789,0.706871809500289,0.0423190233895182,1.70132447184606,2.724219142148,1.48468837409323,1.70204696463455,0.663442776092636,1.07502382425234,0.623431361533,0.597012274711208,0.542826952551081,0.547431282584573,0.590647039072739,0.415493285099958,0.0265721040657957
4-191687-A-0.wav,4,1,dog,8.57578469810791,-0.416817323177244,1.63728463008312,-1.44676289395127,1.41907289323968,-0.437367391408496,1.21407672850812,0.192668439903899,1.19277260808428,0.902155686372136,0.650602425130704,0.612761701151163,0.0289298143851508,2.83964458211753,2.79512759470774,1.55723965139875,2.90056386588026,1.25949840191339,1.98093992738681,1.22775336935456,1.67883255100583,1.2196162395082,1.31868807199401,1.38449654629812,1.33926761240475,0.0258057566527266
4-192236-A-0.wav,4,1,dog,9.88103735827617,-0.306150065883325,1.36736660130391,-2.07766602044285,0.218397493292929,-2.00866526742,0.478555329145561,-0.159512922969342,-0.0598609195369506,-0.374069730970217,0.565209459449544,0.245970545999454,0.0283545661594104,1.8495059989626,2.42574077215371,1.30143907366891,1.77352966657683,1.12685972375389,1.52356982311841,0.559304604062772,0.672900364494393,0.589735095952278,0.586514679325124,0.714668515662645,0.559543109995391,0.0173749618006561
4-194754-A-0.wav,4,1,dog,11.356437283084,-1.92879920872203,1.91705643757232,-1.3400493522914,1.41194660167246,-0.115421199535269,0.996470712354353,-0.206226852169459,0.974920919687642,0.25817300885807,0.324494558859993,0.0636711080291446,0.0262267874812338,1.59082843720013,1.28325810095375,1.17197787029283,1.25205796567319,0.309441116852881,0.400064714559711,0.339879500293026,0.291930487881381,0.552457017935412,0.386061069497639,0.284254211262977,0.262653743765447,0.015255106239891
4-199261-A-0.wav,4,1,dog,9.25405701394141,-0.300453877123714,0.309526928806824,-1.40909143649164,0.617552654175314,-1.39432439295392,0.459084346086511,-0.33203334818264,0.238408685176981,-0.509953369220056,0.330687314311324,-0.203551687784329,0.0442290447574041,3.06021712421054,2.31417910821772,1.35998908876805,1.57942227615179,0.497468278417294,1.25232712965157,0.393947083463079,0.428109969252775,0.465094181094149,0.496627845376805,0.550657201683517,0.539487204942364,0.0226581344472791
4-207124-A-0.wav,4,1,dog,9.43042945952994,-0.583840404930795,-0.0940784728647076,-2.50900341399062,-0.325334870401645,-1.60123644159405,0.421505976186044,-1.062501857727,0.339146117429236,-0.246197217734592,0.627728250841738,0.279063600202324,0.0473985345298212,2.36234091584673,2.16615592941254,0.979462852304355,1.64713844130074,0.627282896084204,0.944563316260737,0.505389546934088,0.782825637244528,0.622922663091815,0.348447816120973,0.367283780787475,0.416211895821788,0.03912247659758
4-164021-A-1.wav,4,2,rooster,7.15656580091069,-2.21344981979747,0.955077661178217,-1.86187727250533,1.95932479447694,0.139268918247084,1.85820233645402,-0.588956303118584,1.40781270382817,0.6394538186414,0.417137740520338,0.965807339549471,0.0434174596100041,2.34402787827057,3.60184006150471,1.44158508861092,2.59907034712851,1.09263241996557,1.21222167830028,1.01015910731066,1.51054163423558,0.955190278979613,1.01297174921077,1.02707929729758,0.921745102644576,0.0346033422147943
4-164064-A-1.wav,4,2,rooster,4.95467588766407,-2.75866326600679,0.253219785555976,-0.628341598189016,1.29989173283907,-0.0556197336007988,0.656067224242793,1.06072063684911,1.06688975227801,0.45364330734236,0.492471693445821,0.372499110456298,0.0341411687935035,3.82557467828929,4.7399700670954,1.52094758205947,2.00841126970915,1.25479944431865,1.29893643524402,1.03781303141815,1.19527631238959,1.14834675714347,1.0689499563193,0.931095288596576,0.903821100094925,0.0449286800175682
4-164064-B-1.wav,4,2,rooster,4.0608067597203,-3.45524141602492,-0.275871768150331,-1.48373924766271,0.61269125527741,-0.496256987741859,0.320725619318962,0.787960366128414,0.584660490197953,0.549275441133489,0.419912218243019,0.627293502398634,0.0289479408352668,3.78634758042462,5.63691763426949,1.73266674919692,2.94115441586824,1.07354340202001,1.60752119978463,1.14217897416923,1.08242587237958,1.09295639114389,1.15633976309122,1.03262548488153,1.0234450515958,0.0386671833085431
4-164064-C-1.wav,4,2,rooster,3.28962656304322,-2.24511418197615,-0.238999224903434,-1.29741820770961,1.20859824037749,-0.496724656895122,0.873158273827559,0.651984236182297,0.968116562114936,0.2808084029698,0.971849136154796,0.522162532592642,0.0260137217227378,2.83351820376585,4.87420628545075,2.13562976092704,3.25766155489103,1.32423856356467,1.97484504763922,1.23346891665184,1.07821129002583,1.17016956105278,1.17003156260482,1.17193695030478,1.03959595942083,0.0389895163600822
4-164859-A-1.wav,4,2,rooster,7.1770008825251,-1.52777552605709,-2.26855951821076,-1.51974051977345,1.03279858049623,-0.611028558363854,-0.251833593128317,0.11158459330399,0.769974371246395,-0.480958653338397,0.126606873599917,0.815607061900203,0.0297930865719258,6.36892520379947,2.43614688367871,2.87967158904538,2.42899540319867,1.18965257919478,0.908527940733258,0.681536952081058,0.593067585217925,0.975072604694672,0.861788930814445,0.793200581244018,1.01459391759412,0.0290179756907415
4-170078-A-1.wav,4,2,rooster,6.06037671036368,-0.578719827626312,0.380928118926584,-1.25624439966824,1.27616040130461,-0.225613380956438,0.932213407567441,-0.281096781792265,0.65617227351668,0.2020866351954,0.40666159772506,0.321746167117071,0.0135427240429234,5.07023048475924,1.96929912969921,0.770553103828522,1.64635317735448,1.25786607487207,0.586489557932395,0.916254501329793,0.59398396593133,0.691076289512018,0.399476348372472,0.506145008007034,0.411622960676574,0.0201716856097449
4-183487-A-1.wav,4,2,rooster,5.42119440449262,-1.22210706785027,1.46791789487012,-1.93384061704963,1.01626713807721,-0.324607119855307,1.37462526874756,-0.545471995146962,0.261872944366353,0.201115574342682,0.815413176311186,0.605573002818471,0.0426334106728538,2.21975880030474,2.84595303563611,1.01106865438318,2.64468124751856,0.798699616360845,0.661078350378929,1.22412743001239,1.02213129217448,0.629495043344271,0.405442126213237,0.705530622772458,0.649338231648728,0.0443100582987371
4-208021-A-1.wav,4,2,rooster,4.49454125989253,-1.34670707216175,0.986363204716764,-2.01838145984881,0.251050077749222,-1.08845721911467,0.711328424450356,-0.707313432706965,0.172381562989155,-0.514068899651367,0.0365567520380521,-0.0592897886260444,0.0257350275522042,4.55778476800651,1.76214843525962,1.16205848425739,2.27115125857103,0.538551605655389,1.2331449588974,0.898546708333068,0.774743904767591,0.303699843439973,0.583998051191846,0.2662169162245,0.320265023818761,0.0367777531941813
4-160999-A-10.wav,4,3,rain,8.29165362190465,-6.09644455449206,3.61877349891648,-4.83561967983217,2.78577770094944,-3.15977981106915,1.69523004211573,-1.73806750343742,0.693196212972466,-0.91242216107311,-0.026734285360496,-0.0682695243872223,0.142282317328033,0.780837206135095,0.736872573515681,0.424832789672956,0.572317623283515,0.317302992233834,0.411778488699301,0.275153134828659,0.324402201514614,0.251061727937432,0.2718204043095,0.260712273825821,0.248560535294821,0.031005791764331
4-161127-A-10.wav,4,3,rain,9.01372802974431,-4.86230624647126,4.46691306422878,-2.62796844352665,3.34868038190818,-1.69357738465221,2.32465493013066,-1.23727334208892,1.6851596086583,-0.873645809273913,1.10952117949123,-0.420852019115059,0.0849906595468814,0.505400883350961,0.498349970764347,0.386201118068689,0.374848815469719,0.331651859903821,0.313615363458196,0.262576945774815,0.283458281272808,0.255783253438397,0.350893627186471,0.286576003509953,0.406064755763225,0.0348536331920101
4-163264-A-10.wav,4,3,rain,7.69612985737988,-4.61796484000285,4.21697578920457,-3.19439690305185,3.62277325084136,-2.47825154128332,2.34188582173923,-1.20709321054422,1.48528208614171,-0.572664575499505,0.748776584351975,0.0296998374041514,0.121442204346936,0.390260091388922,0.308292103210525,0.326499062563742,0.280603745617952,0.274269734115236,0.265877385231874,0.244348583173101,0.255715193036756,0.229199073097594,0.252548837613069,0.244831328533789,0.27816233149454,0.0605771293898319
4-164206-A-10.wav,4,3,rain,7.76985969434975,-4.10803698678641,4.08612210325468,-3.76548805600404,3.59881673647744,-2.71666267595057,2.35475891258509,-1.55384438806929,1.2947349572194,-0.771768646072816,0.363180970237868,-0.325824864896531,0.173492519107411,0.929832545978021,0.83025554371883,0.730783465974893,0.670575274063785,0.58089073122535,0.556099299644874,0.438272792628784,0.399082532007198,0.327541340324569,0.298706733862622,0.256972709403833,0.239407507964413,0.0285591223686303
4-166661-A-10.wav,4,3,rain,10.2190911484963,-5.45099361788721,3.43889428327188,-3.19851443927275,2.540515566081,-2.36327675509548,1.74269400771955,-1.73437878096584,1.16294487877712,-0.903012372123026,0.179174509333415,-0.25443814754483,0.0899918004469769,0.750489486467858,0.653266146385121,0.533413859947769,0.490512170248158,0.444397804291568,0.391952738908623,0.328912289793432,0.319810552741732,0.275340928782557,0.313194713652619,0.279181967664763,0.318211456177455,0.0137490022587634
4-177250-A-10.wav,4,3,rain,5.76493798754074,-3.7511673492233,3.31869352514384,-2.82819198174885,2.92150651143725,-2.22914449794755,2.10498117174268,-1.80883839552159,1.52370650968029,-1.28639428494438,1.02424758443173,-0.720299471168004,0.181793287029139,0.880513927731709,0.846306919573976,0.760164098183829,0.696267559443022,0.611691235845683,0.571588742890596,0.468425175520892,0.421105990153342,0.386098593194519,0.352620486501145,0.408042411096145,0.359019391956635,0.0571714390504554
4-180380-A-10.wav,4,3,rain,8.104919863274,-3.73356241679886,3.60272743354572,-3.45566901218475,3.04604685520635,-2.7030123903917,2.05709302454968,-1.52463578290115,1.05334123269234,-0.852138787266265,0.487868604315357,-0.380937657355172,0.133747025129657,1.12215721068038,0.828887624179142,0.721754603979603,0.674659061656398,0.619103631824695,0.512466961573975,0.42732047330328,0.359382152774615,0.334298207203305,0.301847002224403,0.312827068827268,0.318215855129603,0.0318676248262449
4-181286-A-10.wav,4,3,rain,4.09322340298575,-0.820920668251492,1.59376104574899,-0.348920989202019,0.528190682313744,-0.223589855734082,0.906876083019253,-0.29758184384782,0.574085731342098,-0.370751053241699,0.558400657934329,-0.492347776917066,0.193440570833902,0.278280544739478,0.325496570508539,0.230866072807881,0.22186443195983,0.240207384839025,0.237948107710692,0.224753219413659,0.255966436933179,0.228555138917734,0.22130379005276,0.21989412479015,0.220932421534101,0.0289319132942553
4-167063-A-11.wav,4,4,sea_waves,8.81276715174176,-4.07067989032322,2.59745837646485,-2.97082000607908,1.70870421464682,-2.10759153704458,1.3055958944351,-1.55739628928943,0.85382372140911,-0.979948609439854,0.415751467303843,-0.591148440060794,0.0921057177221237,1.68627906009473,1.03462983702604,0.985954427919793,0.843706104656627,0.752202463698709,0.591409944706814,0.547826722430219,0.443061855736299,0.367345743535989,0.371476892057155,0.332671001649557,0.408172908668911,0.0283136001488234
4-167063-B-11.wav,4,4,sea_waves,8.77126105682177,-4.25522508514078,2.50500379827424,-3.37123185299374,1.50409036042811,-2.33384744110375,1.21700970132192,-1.79900832998419,0.716861750628681,-1.19465015765928,0.308716894487122,-0.787747606950648,0.0883464519073291,1.21016104426078,0.889984833985511,0.660984078798133,0.644835192856558,0.508339796588943,0.474387288145399,0.429909681764676,0.358652334047312,0.313667047010168,0.349903394480562,0.354266469374324,0.435954939759268,0.0227171986004449
4-167063-C-11.wav,4,4,sea_waves,8.8938092853651,-4.18482986354269,2.51629936163783,-3.32360809960598,1.62447998939804,-2.24321052059555,1.24881154535281,-1.75398996044522,0.804987989764314,-1.20128791133664,0.39288430369168,-0.75400592457082,0.0882222590674901,1.30937820842172,1.02028180724842,0.792555523177531,0.617874546742281,0.546380907471115,0.453363434864869,0.424628366308824,0.355935591073043,0.318909204926912,0.343639879067089,0.326800929705806,0.415037419208902,0.0195361558046369
4-182613-A-11.wav,4,4,sea_waves,11.1260922176732,-4.01527270992181,4.17946415840115,-3.43035952020904,2.60871282170462,-2.53739840110573,1.72176958126433,-1.64487049877466,1.20581849687248,-0.820672432777265,0.320722950115484,-0.0228570203613487,0.0537273312747373,0.542383211449705,0.436421362704104,0.354253271334986,0.372021637877678,0.297186024532976,0.285167022142837,0.285793840230375,0.230086867542041,0.210652716343497,0.261846707164443,0.194271156857922,0.245033868087177,0.0167042913214706
4-182613-B-11.wav,4,4,sea_waves,11.0974467935061,-3.11262873597559,4.16908957199042,-3.2470874570516,2.24130831246279,-2.53686996363556,1.48663600203384,-1.70492790451504,1.02523529325583,-0.932678549577926,0.290130328913528,-0.18029151072067,0.0454683341579091,0.544074377069116,0.427098805126172,0.46301605881214,0.466150920210868,0.293545909184313,0.339599037252669,0.273238848274049,0.244502127742768,0.25973672526834,0.212852817158232,0.260649040330029,0.244484908100712,0.0128345687776011
4-195497-A-11.wav,4,4,sea_waves,9.21057105193413,-4.57957050075504,2.60052655186264,-3.7921143995742,2.64269298957186,-2.95744638655144,1.49056120750236,-1.55779751580717,0.642437510922416,-1.04069921414703,0.140940102159673,-0.363180187913483,0.090831961409854,0.537947164378938,1.39354288420639,0.537076457164514,0.525306317969254,0.383439751626306,0.562339666593877,0.296191364871542,0.377164835703078,0.222422086928051,0.338173249442377,0.244984554842754,0.27728405102644,0.0245924936506145
4-195497-B-11.wav,4,4,sea_waves,9.19042290652646,-3.76847350974327,2.36155820967595,-3.59995927386224,2.32613706955018,-2.64128131270443,1.22149303036894,-1.41936546726033,0.474139113015389,-0.970290295311067,0.00601159925611755,-0.348283690852881,0.084071115395114,0.739842845247671,1.32369554590424,0.688889387555859,0.443510371531208,0.550413170249435,0.539511988838286,0.360228440322707,0.370417855603047,0.283282420103453,0.293066237985891,0.226423825775783,0.258466885842904,0.0292150699201312
4-204618-A-11.wav,4,4,sea_waves,17.52121680018,-9.93333372116451,0.0396357287757885,2.35958046901554,-4.31850235416973,0.366903194699672,0.598849881289239,-2.76751235213663,0.971647879905796,-0.268828264385979,-1.61849307009859,0.836641538842607,0.104663082605432,1.00854054151909,1.00806920616068,0.340573462137773,0.367080934500878,0.620574238793803,0.306957499803838,0.287904518005223,0.388588066032208,0.232996695942814,0.307090764505187,0.295926124956697,0.241844702189747,0.0139397577229012
4-164661-A-12.wav,4,5,crackling_fire,3.78081002435867,4.0909102155177,2.96156453485,0.247290491611615,0.676631212137333,0.723404586558624,0.945291293885081,0.500821235553223,0.589650902617254,0.190565343715508,0.237485454944582,0.142898688011019,0.0434944170533643,1.2172175436434,0.572950020961394,0.461590664444181,0.355340612319009,0.318358878199632,0.272950352335228,0.25323496944063,0.271453433171555,0.236408373575048,0.235118926242658,0.228988643517251,0.23698147845278,0.0533834180798263
4-164661-B-12.wav,4,5,crackling_fire,3.35351812516933,2.41810547127537,2.91660667838766,-0.326181422226086,1.08012379767976,0.020126362641508,1.08849639331808,-0.0269532531849979,0.68267339037505,-0.106564399235939,0.35756046194175,0.0205878533449019,0.0299313007540603,2.72514795572154,1.70619568569261,1.8841111585928,0.669823665290981,0.857880710535698,0.536334470326552,0.845124104870918,0.454899114130992,0.570448412325092,0.384743930492428,0.363275734109031,0.295442926417121,0.0480285022791618
4-170247-A-12.wav,4,5,crackling_fire,7.61364452938015,0.4369795505974,4.79140850635199,-0.714966835684475,2.69613156421041,-0.842844914322449,2.0963567049759,-0.599347066480156,1.3987198462692,-0.299124007568245,0.656203901590113,0.132134663224331,0.00744325354851918,1.57974214423739,1.07070909567088,0.883054302960189,0.758064531127937,0.64947309325945,0.582572237663316,0.48594600621351,0.411293069291712,0.337510104118953,0.327976888718378,0.318593044604997,0.250533739085223,0.0155525708592993
4-170247-B-12.wav,4,5,crackling_fire,8.56477786315207,0.599125976354617,4.21417375930564,-0.576622219220888,2.64417771598463,-0.850306459549279,2.12834965745924,-0.590236029400942,1.37447595085246,-0.279803791725056,0.685578982393458,0.196502297342743,0.00750435034802784,2.0183311250997,0.937129941977683,0.932207827298504,0.873658303010132,0.702987034326384,0.666947789786283,0.576378088613697,0.44169257168868,0.410033663357164,0.342940612744387,0.340000376672426,0.277624891583525,0.016578494283259
4-171207-A-12.wav,4,5,crackling_fire,8.9667604941856,1.70519923916017,4.92590634737824,-1.14283222254964,2.76723799813069,-0.597206641585345,2.52245288709995,-0.435873738679395,1.31193126681584,0.0993283956534671,0.486490224518995,0.367632693325608,0.00731183678517811,2.00392875409651,1.14533071488657,0.943623791393435,0.866123146776077,0.685096367580724,0.632105266332295,0.589701011920735,0.497629681287164,0.449676951456077,0.349514812483813,0.345405634351475,0.387665191873387,0.0139848412420165
4-181563-A-12.wav,4,5,crackling_fire,7.0510563239786,0.413471494424008,3.78239651827921,-1.45714591140013,2.5584351150229,-1.55396679698083,1.17802745315526,-0.451764637735318,0.461188076805462,-0.380595108057881,0.798119647231386,-0.365593704091309,0.0470135607172103,2.18914917857587,1.14541678330455,0.949397033254598,0.958862519273737,0.8331449741639,0.758494463211223,0.673585931032299,0.563103128525,0.444262508288145,0.394671775140007,0.404061404674251,0.371803388769755,0.0346825767301849
4-182368-A-12.wav,4,5,crackling_fire,7.64129365322258,-0.258151643621994,3.54279593512344,-1.62141451970927,2.10616608084547,-1.43859225819034,1.15156343571204,-0.47911943663086,0.552610730673372,-0.299042545883849,0.607817861007724,-0.262841398476749,0.0514158090367818,1.84119432290819,0.929212108775571,0.606558952382248,0.465768105824883,0.454568265331905,0.426970504434017,0.336154339950647,0.367439949611692,0.338398321329795,0.356875321093028,0.379703834368774,0.38226181945802,0.0445164778601456
4-182369-A-12.wav,4,5,crackling_fire,7.80917202116158,0.105486529545733,3.97512309151108,-1.85297188453864,2.82186590029975,-1.77314459181004,1.38872488422359,-0.599867049428313,0.658284261065365,-0.429323303644307,0.835300303104824,-0.388061091092249,0.0397083347550157,2.13747562814204,0.823816754579673,0.65367320008371,0.647324190954803,0.521349443915721,0.437257732059356,0.390211585027604,0.370627295566505,0.341850546473995,0.362295895706557,0.434972784895803,0.461555629099799,0.0320457281746102
4-167077-A-20.wav,4,6,crying_baby,7.19438738848159,-2.70600393223039,3.07894591787193,-2.84447763637274,2.63001965501616,-1.51263625165386,1.29133902666091,-0.139432432670648,1.13379149009108,0.222656443390135,0.259646586617296,-0.143587349014264,0.0721731001347755,1.25123443110371,2.26060593175385,0.7348983613889,1.77505480052997,0.668044601815249,1.1509889273901,0.720306686648012,0.759437245962339,0.89988304092144,0.854674844098525,0.644337390996768,0.522146234944062,0.0633257179049181
4-167077-B-20.wav,4,6,crying_baby,6.87345884462271,-4.01277588609605,2.50637011533141,-3.34410922798007,2.48187804982396,-2.22138100949622,0.830207901913098,-0.810444886940335,1.45201690866051,-0.528163645029385,0.759432918807137,-0.256606147171329,0.0807835104749556,1.50509972820225,2.83635105628685,0.912917415169849,1.40067006543934,1.15053859836109,1.11998069280799,0.517795118890458,0.813321670157584,0.828390863093138,0.82302356328609,0.580213400163317,0.553671462070213,0.0565210281677694
4-167077-C-20.wav,4,6,crying_baby,7.52937224173406,-3.95262841107746,2.09909776845542,-2.83908376915445,1.61754666601081,-1.65144229672664,0.882602752798889,-0.551499559972954,0.839023253573673,-0.246935432757785,0.577371196192695,-0.238922406257007,0.0621991808977071,1.63738935280138,2.62393243801339,1.04348646964156,1.43324818622479,0.937435209722859,1.15651535526971,0.478256946116934,0.945577923446282,0.682953434372061,0.897878120493938,0.816326771720377,0.556021967897192,0.0415504897772667
4-185575-A-20.wav,4,6,crying_baby,8.96624928183305,-5.10378158107353,3.0160333747508,-2.92505470324995,1.63352155796648,-0.931404483540065,-0.0575428699604581,-1.10419349616166,0.753248131654722,-0.312287793060344,0.382803121601796,-0.296306501862768,0.0962588872918657,0.675214739858063,0.936153260847922,0.776867208543699,0.785533988417566,0.562788385691394,0.523550051097931,0.543049924403543,0.612150269937885,0.645548309148141,0.412352379272225,0.346528335781205,0.387831944464298,0.0428436087363949
4-185575-B-20.wav,4,6,crying_baby,9.44450850496847,-4.99368033667793,2.64782829740627,-3.34064847366287,1.2302411051255,-1.32765682762064,-0.346600523540283,-1.39919552293802,0.538018982009506,-0.397028526551748,0.301957316367814,-0.0889869361385078,0.0717686670448342,1.07281549523905,1.74358033247941,0.872132490733409,0.996558425616445,0.692108502389701,0.754201905458807,0.762348485177002,0.618796044553014,0.66010189283711,0.483176205243473,0.414860107564218,0.379451484828481,0.0443400539487528
4-185575-C-20.wav,4,6,crying_baby,8.5519072444058,-5.27824041979487,2.21782065087223,-3.34134601851295,1.02277819394603,-1.28380562140689,-0.297557245611771,-1.27248205178234,-0.00200661525993509,-0.334667241840585,-0.00106582426618318,-0.226924681611182,0.0749047295107138,0.858736527289069,1.6153433967691,0.878326047322431,0.982816088849622,0.938390956037732,0.90459348840157,0.666779008649304,0.938187971175303,0.575096581571598,0.615684579904235,0.497828444609089,0.378290439239508,0.0442144111330074
4-59579-A-20.wav,4,6,crying_baby,6.38307089500302,-5.91686904854001,2.78519335024298,-2.93339197960705,2.00053606469018,-1.38571566781017,0.888806952722805,-1.71071552828147,0.812235821303077,0.0947878129172825,0.121213237553358,0.29627337564306,0.0929048542633411,2.18482784546226,3.25314597519319,1.66367431421394,1.5995768125274,1.31869833219061,1.10787391272569,1.00728053742553,1.19423139356231,0.559285190769795,0.633431932305102,0.586400455926556,0.566778080778237,0.0515885234894594
4-59579-B-20.wav,4,6,crying_baby,4.62054350916374,-1.94677579563256,1.31376101734956,-1.43800720944458,0.644055858930041,-0.941204833605653,0.435437538567528,-0.95117472166321,0.934921463724748,0.375686343790662,0.0738588398753545,0.539901958272637,0.0289909911542923,4.40582106133735,3.00462178716455,1.41409102537135,2.37379395204126,1.05815842593525,1.82486507971285,1.08300618659919,1.84000102161886,1.13212321121464,0.993121460034958,1.01065357013573,0.913776079121319,0.0419479998566223
4-156843-A-21.wav,4,7,sneezing,1.83959365433229,0.0220371651673391,0.469624428700919,-0.216098352723549,0.396029743002707,-0.113618170052176,0.224369211936905,-0.137743268151737,0.142347588939924,-0.0909685452892053,0.139390836227542,-0.0793116947062556,0.0292039769431555,2.89215041665864,1.39865107009134,0.752260608194036,0.610171924563665,0.797005339206233,0.369797635296342,0.386526828995574,0.417792813199663,0.326406112697843,0.227948621051448,0.276335575219478,0.229172793396551,0.0551585614383792
4-156844-A-21.wav,4,7,sneezing,7.19432777641243,-1.38079222524494,1.41176380708108,-1.25665750158378,1.4603817108277,-0.561319965005243,0.43641917504243,-0.647103708864144,0.653859739668682,-0.0939091695572455,0.614553123910175,-0.0453661286030706,0.0755881233366316,1.80412424123667,2.8323712409227,1.07796491513238,1.37132868153411,0.637847873152629,0.957385646024668,0.619840344918552,0.741235744188693,0.402555218102696,0.434093081411639,0.338277304323548,0.558529788256953,0.044410663841777
4-157297-A-21.wav,4,7,sneezing,3.56214774895211,-0.0176996978836739,0.486626232040825,-0.022897761597765,1.12926302936422,0.140903659740953,0.124868488110988,0.156227269589581,0.622590055078291,-0.157081248311223,0.618615198198388,0.0328835997305378,0.290429021086393,4.69817453215994,2.56032106416221,1.57990872638434,1.46990812310316,1.32758062931996,0.813474503877846,0.848854827064747,0.83693560855874,0.661412569291099,0.686035134475009,0.58445379591973,0.615729573915576,0.308552160007837
4-167642-A-21.wav,4,7,sneezing,1.81583922781759,-0.146613215610221,0.697371340016824,0.0847842152027267,0.546555523541426,0.0721864154130445,0.349537562126186,0.0876419039007151,0.390185856693776,0.125422885508937,0.377853222622485,0.114396944472752,0.0179157301334107,2.85444693662864,1.93023451004851,1.36976838812256,1.41446992017184,1.07240012906423,1.14364312022206,0.964061605081017,1.10673157984269,0.974387307938227,1.05578865053616,0.940987454597269,1.02309116903593,0.0486213513010412
4-171519-A-21.wav,4,7,sneezing,3.26057019357114,-1.70043316413075,0.966820488051686,-0.892891360860567,0.452316225506434,-0.116745767632817,-0.0292345486218019,-0.442782871840993,0.172009663995308,-0.147995472449537,-0.0670877775082243,0.0447281846168689,0.039067031612529,4.356216042839,2.46241372009621,1.54651794962165,1.39438414653705,0.835588503835185,0.684236274498712,0.708080085729601,0.855583901155875,0.358601760668388,0.427833927416347,0.367297824833094,0.271082775727555,0.0610320065297947
4-184434-A-21.wav,4,7,sneezing,6.03214192874296,-0.360135481184425,1.81244391349026,-0.404622991723288,0.97887108095163,-0.309298475180271,0.620111389418043,-0.22229348471452,0.280864672313515,-0.137566033992087,0.208591024295939,-0.100770035349001,0.0784399470707657,1.82672376217343,2.42069770943344,0.713585623809473,1.59314984717793,0.50431309714848,0.788457836679375,0.50920184339584,0.634227787281451,0.510115150589804,0.462070599856498,0.446685103777293,0.413567080031414,0.0517098914211498
4-185415-A-21.wav,4,7,sneezing,2.70973904142126,0.382537771423305,0.89545455491164,0.125403846976059,0.658332632816089,0.23041382620703,0.485406450742361,0.14856510419196,0.387921433195681,0.167690004788776,0.278190281438373,0.197868620090477,0.0161982489849188,3.08426122728139,1.54047733216805,1.25359873863811,1.16626952701631,1.01283142223715,0.865912100376363,0.865194242149005,0.88948595103772,0.831204334081499,0.842787364207216,0.763057531713681,0.753075964934025,0.0353518393791574
4-185619-A-21.wav,4,7,sneezing,4.87749108527863,-0.769473252758389,0.720505502163711,-0.473098915467551,0.572538879217149,-0.418967966013684,0.312654452312252,-0.503054548813538,0.0242205144684363,-0.164136185671994,0.167085405983616,0.0711700850290681,0.0242463928364269,4.2652281277479,1.76620105524803,0.960366914971495,1.1112271682086,0.829688382508749,1.12349011163886,0.571386593702464,0.978137972957281,0.516227750598196,0.715794051420108,0.513526611853114,0.544971802360077,0.0343505648507948
4-175945-A-38.wav,4,8,clock_tick,11.390981189133,-4.48672422180259,2.43156618066681,-1.59193828945789,0.913133307394932,-0.0466110734533563,-0.726156759063368,0.724964944243692,-0.552094807253357,0.612831629553066,-0.818793685634057,-0.53944844723236,0.05812747372731,0.87753207293579,1.20938072076731,0.641827041119325,0.346422932415373,0.271964651506513,0.304369830504138,0.349557590522953,0.268510767619614,0.366216611879438,0.253860981221161,0.454593123241335,0.373799392543304,0.0162142735289207
4-179984-A-38.wav,4,8,clock_tick,6.26620859838024,-2.17836251359011,1.18273432041384,1.12139441339469,1.17181259695524,-0.818666960650024,0.193492764288947,0.196852552189991,-0.156069453594608,-0.335373212289492,0.383019908741053,-1.00750754756007,0.0745304449723625,1.35149499216425,2.66304911225999,1.50338621002558,1.55424090820378,0.90438722362034,0.811803183746429,0.827304912876748,0.989609093952776,0.694594729724893,0.663802553202495,0.793839327300342,0.914912200760472,0.0553587567506377
4-181035-A-38.wav,4,8,clock_tick,7.11242190036941,-0.0253467835302681,1.26504449076429,0.244082481349089,0.771013840798888,0.108318105507964,0.38246201230595,0.0800154876432554,0.18769588022877,-0.438632262612133,-0.306657198969897,-0.442420857450554,0.0439228143766207,2.84947275524442,2.61405593819312,1.04011312401668,1.40821932073283,0.443056247016292,0.643912196030529,0.395364146066604,0.417279746814705,0.391314388765705,0.381915807910476,0.467321632953337,0.326660482853291,0.029157041808982
4-181865-A-38.wav,4,8,clock_tick,9.69746506815346,0.281771229435457,2.94863549295009,-1.3338324324533,1.89395682191445,-0.553432681405952,1.64780197038418,-0.25241241706912,0.811834515367497,-0.09860085888678,0.460628034519312,0.288793024897334,0.00727097230278422,0.848124910790547,1.13027488901973,0.334492690856895,0.351294689261661,0.398779785253475,0.238108999976487,0.240737920899113,0.403896204321542,0.205398339057054,0.212230494498811,0.222046128500382,0.28458942280206,0.0173585099302657
4-188033-A-38.wav,4,8,clock_tick,0.202001206686786,0.422657001609394,-0.69309108733459,0.548601810751514,-0.430955495625039,0.245863162491882,-0.0295679869006321,-0.100076130691092,0.151709785375994,-0.387488328083502,0.32724416108147,-0.389382650434249,0.546985438062986,4.1296102805128,1.67316745241399,0.699860267888365,0.397205361387436,0.452969177912946,0.340302813505853,0.438892802031129,0.309848412727505,0.215140801730696,0.260579138294597,0.217382064530352,0.326641251675784,0.286943994058999
4-191327-A-38.wav,4,8,clock_tick,7.10610348179194,-3.49059438159404,2.1005595165923,-1.6659759305691,0.727886388585448,-1.62567513430499,0.12857515349075,-1.15237158933667,-0.190538394198434,-0.349379537354666,-0.559593658062074,-0.699093444645478,0.105508201685547,0.670812093812534,2.34368234687916,0.424859842013086,0.598332360180397,0.380048335832866,0.331735523395135,0.400462483632921,0.294506877020584,0.272130594373318,0.329431442904997,0.332512566839122,0.312397355907857,0.0248493405842557
4-194711-A-38.wav,4,8,clock_tick,3.66842804950285,-0.682702465250923,3.18057857268454,-1.27015552809957,1.61735037050357,-1.06163776768827,2.34577376229038,-1.14176575720861,0.767091666169265,-0.582917630802107,0.120084253420177,-0.210938232719506,0.189244191005869,2.02240172667681,0.625738183442801,0.865856107264583,0.46917933761561,0.395944336023284,0.43047340660859,0.704831079588873,0.464346031214189,0.320435425599861,0.373114455876651,0.333184312375416,0.419883506777657,0.0872270449039457
4-198965-A-38.wav,4,8,clock_tick,4.77988937792398,1.25261003455234,1.05160062650199,0.119949094061205,1.17203524197133,-0.201385931766168,0.0176994066665918,-0.461461109676979,0.183575252349979,-0.404143404087709,-0.0436224644238661,-0.547153298612005,0.124445543878804,1.51289739671884,1.11808942354825,0.610696903950487,0.772331472548548,0.874358922386258,0.594928411724984,0.633366893998498,0.60730629494191,0.384663047637562,0.513519651952696,0.36145944906178,0.464640749360666,0.0716783078618612
4-125929-A-40.wav,4,9,helicopter,13.7777996072898,-2.97674541924744,3.64159388845856,-1.02930335869097,1.6587786538899,-1.41351656582079,1.31816421852845,-1.02222513580779,0.862525004204341,-0.641023507339865,-0.0514030249427372,-0.231080618130957,0.0232633261396206,0.878744585900711,0.839625164046652,0.701148925608179,0.622278738349648,0.484397776984771,0.469266180107849,0.341922047134475,0.297685896192697,0.284997287010247,0.256968465436637,0.237295400458018,0.304047314129175,0.0106531052226858
4-161579-A-40.wav,4,9,helicopter,5.07886016642575,-0.736557919902076,1.23637013361143,-0.314835580383556,0.432924688468719,-0.774910865107285,0.204462977921929,-0.23546570537841,0.120204301976685,-0.211367003576984,0.0127168633694121,0.0546310861389674,0.00953461938719804,6.21343405553459,1.10040332860593,1.55602398305089,0.478118364357052,0.626449619804743,0.983105552910554,0.349716172192439,0.346725032938194,0.235961765724855,0.297319117496258,0.13398106733589,0.142671299979363,0.0132408967886779
4-161579-B-40.wav,4,9,helicopter,13.4567186448083,-2.79089330748361,3.2331427130322,-1.69257974287668,1.7864745635873,-1.9563488205314,1.35666571648823,-0.777074543338961,0.522326768623725,-0.543783116701175,0.276953978031282,0.0923481002374524,0.0256853397536509,0.428789087042541,0.469187091799615,0.387905341283272,0.341603103305017,0.360879294673614,0.283680639089704,0.319266595959095,0.291819670487536,0.319629091309894,0.271208763671659,0.28588526218793,0.301896059827971,0.00870058070329781
4-175000-A-40.wav,4,9,helicopter,14.2749800902907,5.25521334610758,3.23914944096047,-1.15625462584566,0.886629181375126,-0.694587274117332,0.977399420061955,-0.611866778846361,0.0621224498030951,-0.676329229435383,-0.141876208864001,-0.169901611639404,0.009056507608844,0.87154902046611,0.58484702018829,0.482632065872256,0.53909662975867,0.233104370671752,0.379909525409387,0.308362397259533,0.340088932613501,0.289943424247559,0.213339614946075,0.216746610181235,0.181244567678408,0.00275799743161149
4-175000-B-40.wav,4,9,helicopter,17.175992088327,3.71717566219786,0.813153200693771,-0.369621664119315,2.37384853442172,0.0753237382980701,0.427028890757972,-0.431736028023192,0.575131373503909,-0.0362332678874573,0.104166596131524,0.011075209926258,0.00718042002183704,0.892075201920202,0.702781829486037,0.652156918440547,0.401054018961566,0.414501404103353,0.310705864545053,0.244878021721128,0.267489222373663,0.299175822218435,0.290831279455912,0.237184285254302,0.221846562957704,0.00302975549169184
4-175000-C-40.wav,4,9,helicopter,17.3864785427201,1.40575092886741,-0.662874527720131,0.294331188126599,2.63507861617172,0.0483710979580609,0.876870289055017,0.215308917191433,0.431827269668247,-0.140692990274029,0.377287298678038,0.146168853619353,0.00938275705438788,0.770906227134718,0.675204263234509,0.5515563047125,0.38140130409994,0.347803759190323,0.35140517117058,0.311667913007496,0.288181998742826,0.277585251971514,0.264088359446103,0.253768606713151,0.268808805108699,0.00604644530926627
4-193480-A-40.wav,4,9,helicopter,13.7694759364668,-4.20090318493729,3.56743248377483,-2.1483565431048,1.43326374808387,-0.652951948630587,0.725653835159717,-1.00680674548635,0.690902457887196,-0.858097187314359,0.361917415279354,-0.446133690896528,0.0314473117408216,0.569022117633887,0.552957933364088,0.382078351468241,0.344542009533108,0.323461168501341,0.338387135308951,0.33909273189225,0.258681709937759,0.239998709159983,0.317123815291531,0.289059626917871,0.297015605161496,0.00957774980924968
4-193480-B-40.wav,4,9,helicopter,13.9124073486065,-4.91926738831829,5.12292277945827,-3.49179834475613,2.05832291605427,0.269325053999449,-0.775674717575638,1.08328081510037,-1.28960287917778,0.124058692857692,-0.40809716798335,-0.4275616482322,0.0489916095861198,0.893526199828143,1.13534876486521,0.705357054349171,0.77621919954225,0.606367322223652,0.775180141296748,0.827358206088782,0.815156853563807,0.964338325276753,0.668520546836602,0.624649043520577,0.64223848651743,0.0212854316874462
4-149294-A-41.wav,4,10,chainsaw,5.98969099342036,-1.79395282729499,1.74259746531219,-0.613303732898627,0.564640096239512,-2.0722964194462,0.15924980696894,-1.44861999203553,0.713293946701223,-1.83643460131489,0.616076200540334,-1.3142897124991,0.0911901720519995,0.343952012082446,0.971372376381961,0.422862995808058,0.246231399938212,0.331088252462902,0.309124606926093,0.28308966201699,0.401418246794594,0.292486272809018,0.287181611563958,0.253570423395095,0.251628369181046,0.0307282512319233
4-149294-B-41.wav,4,10,chainsaw,7.01582225129445,-3.19237455253345,2.37569399797236,-0.785642759907129,0.462644085930065,-1.75276343639371,0.226211896111303,-2.03937565144125,0.347317187274948,-1.47549156578635,0.771058192589595,-0.840187063344216,0.0607376292309267,0.627970149903535,0.641903420019278,0.432597699315468,0.350689462746308,0.356578760305702,0.307124577975824,0.267629341974419,0.270319887226255,0.242742738660052,0.247394384939629,0.251787767276187,0.270488338956635,0.0230238482892371
4-157611-A-41.wav,4,10,chainsaw,10.9216746711269,-2.39183628716198,4.06415664369417,-3.55939029743787,1.3672433650255,-1.84529900962315,1.91268331841892,-1.57832215942665,1.76237467982886,-0.904165924715212,0.365997405690204,-0.322627691747278,0.0408008265661253,0.695500172596377,0.404646756697369,0.556561205025226,0.352116934194318,0.405083323445036,0.368979995259847,0.253056502590224,0.268701891011456,0.322134086468619,0.350091478841283,0.336262376201728,0.391090900168469,0.0131555382578229
4-157611-B-41.wav,4,10,chainsaw,10.1950189052685,-2.23586336594289,4.1602813894321,-3.98544076637409,1.22943705619054,-1.82715737804757,1.74945142283962,-1.57815794151903,1.84813431396426,-0.94041562427404,0.19505653353402,-0.29392686665038,0.0562378979288931,0.558238602098822,0.523122300485751,0.499007529245053,0.433997350545758,0.405685999298631,0.316850685797285,0.345142125594608,0.267442070646726,0.347753985291466,0.322470889912409,0.308425796396319,0.355090212716119,0.0155420003779478
4-165823-A-41.wav,4,10,chainsaw,8.08643821036066,-5.49096727085394,3.36782564158929,-2.97020489402757,3.07782232165874,-2.18613386567744,2.10776738210905,-1.91493017681886,1.44228243087668,-1.22058932089423,0.76394314098041,-0.339556899022057,0.117828110072335,0.971043357974245,1.00756535667057,0.428965329704427,0.587545575288152,0.348947800693609,0.474074750098335,0.389661610885502,0.307078242828323,0.294217155736891,0.317283117028587,0.372120119282601,0.338565116304387,0.0317967757184958
4-165823-B-41.wav,4,10,chainsaw,5.88000642119634,-4.79120826414163,2.14348890212349,-3.52942057682587,2.17474928988674,-1.67777501979462,2.01906819253006,-1.45139126529061,1.62947438545371,-1.005223673657,1.05534645393108,-0.543988367437519,0.152062256892316,0.808664565150968,1.23222285547408,0.602962199604844,0.527267769022527,0.680660099381283,0.437185427317563,0.473687573895225,0.424300733846541,0.47586559843219,0.368641040291363,0.342763722014706,0.387519109463337,0.0355072530091303
4-169127-A-41.wav,4,10,chainsaw,4.60669844405841,-1.50730319794562,1.44800906184054,-1.21011864483483,0.955548342572831,-0.262178900634481,1.07915174247291,-0.277191487780673,0.681100834459647,-0.275459899235755,0.546187850665417,-0.130043101543878,0.177491347285724,1.65721346584466,1.78236955059568,1.1571491642149,1.0366637520942,0.856806842286015,0.809728711943833,0.684149814524403,0.711529483314038,0.50447103224715,0.638260929435446,0.478469136371392,0.499543605604603,0.072410097712028
4-169127-B-41.wav,4,10,chainsaw,4.31681824969046,-3.16876272112133,1.99612508562351,-1.83763310963366,1.46417436154636,-1.33574432363338,1.27615712512666,-1.10219946479899,1.05663130980904,-0.973470361355966,0.788409032249845,-1.21226410403377,0.185237925651699,0.829353173032728,0.52869689193261,0.76391391459795,0.465881183136284,0.507983929032723,0.533318360532212,0.414735247206465,0.50025686678278,0.440625941823753,0.473157620898283,0.380447527517213,0.410585850541763,0.0257052751087339
5-203128-A-0.wav,5,1,dog,9.80547758304991,-2.23277786481704,1.90393544860854,-2.62546265975428,0.663215116778493,-1.43472898796982,0.539777139230287,-0.0461304650650378,0.481885631506323,0.172810661044615,0.175211867154151,0.430349827130491,0.0388414106216733,1.91394173327396,1.96182398632052,1.28181573640084,1.5065920904858,0.839713188902215,1.01586161362754,0.618870932275428,0.603342508907185,0.494308590116629,0.471879387698317,0.660904840385271,0.52910424511875,0.0216074926337133
5-203128-B-0.wav,5,1,dog,9.74590935045797,-3.56073692647077,0.566737292503404,-4.02202370914384,1.06531201650339,-1.6198812517438,0.598658040387055,-0.0347760540336332,0.557857766444064,-0.145048035905696,0.710970394439648,0.731537745352704,0.0569265430940358,1.87052536647588,2.31698662925358,1.34692180630238,1.48785185052654,0.954835632368641,0.638872207471974,0.731609239500738,0.586328040348972,0.64729321265011,0.616260255605707,0.686713733832495,0.547155552101435,0.0474417387253296
5-208030-A-0.wav,5,1,dog,8.39909524306053,-6.19463634840057,-0.715072410412793,-2.47128650061101,1.24565630821718,-0.726482547485226,0.668135764021326,-0.718613590479278,-0.0763311739672558,-0.756266682868619,-0.0674314304828369,-0.574105100820771,0.107932427792753,3.24437501517838,3.34217042857659,1.91432436794849,1.66357790496275,1.17965722972217,0.915685901297775,0.92350697799591,0.91879675610855,0.892294320011518,0.622878599665281,0.704216669174296,0.620244166475622,0.07591415636264
5-212454-A-0.wav,5,1,dog,10.0203448076865,-1.42228991997454,1.29451468155023,-2.98617610694539,0.145401286129976,-1.6520131137632,0.86286588922856,-1.11018631601646,-0.0255254183808575,-0.439452902526786,0.308432328874777,-0.143040428178805,0.0307699422939129,1.30071202645805,2.31267822171094,0.617996484165638,1.63618436440706,0.746878466933031,1.13404801279961,0.675419608186267,0.703259562029876,0.630578605818156,0.554015102624802,0.481935794098082,0.391840249567011,0.0177256721448307
5-213855-A-0.wav,5,1,dog,11.235042764765,-2.05937916402675,1.30159165908583,-2.6187017660753,1.78811641666655,-0.131849244163606,1.67077860642521,0.0709958712719794,1.28397841080135,-0.0565609626507179,0.0469558374373455,-0.358493302377752,0.0420242553227788,0.851261166555771,1.31627372382725,0.813156900661422,1.21713330116817,0.423271722533292,0.350643879273099,0.441746328243393,0.487757480955781,0.470616786737175,0.353909348180638,0.453088212396107,0.39969122467536,0.0156891841536847
5-217158-A-0.wav,5,1,dog,13.9586185253452,-4.04600127504377,-3.12355756977435,-1.60916391307185,-0.847188529919984,-0.206198227455018,-0.229179288009791,-0.285952151821149,1.70111213261875,0.176790571949818,1.12252572498601,0.0145502339009174,0.0395455432390474,1.64210516274533,1.53253404735299,1.48555203676836,0.587628611970522,0.281970401903188,0.334252011725836,0.434286388980731,0.395875331483239,0.485815814777236,0.502942347430819,0.306444481516445,0.389668823330998,0.0108172730872807
5-231762-A-0.wav,5,1,dog,3.52269431177066,-0.449289323292583,0.440382725239499,-1.21228106274969,-0.18463111924423,-0.663224393198288,0.0403358984363853,-0.398003012862715,0.141314745857106,0.0615726542040102,0.170202196448101,0.0767879540436242,0.00874601218097448,5.13431811671277,1.067365731892,0.759131683598843,2.18422068289074,0.588778807447412,1.1481249315686,0.385158650091377,0.831776564316683,0.405969482713311,0.375405721879433,0.390045493580966,0.352909002066717,0.0151291455844235
5-9032-A-0.wav,5,1,dog,2.09397885002123,-1.87869695100632,0.377677262802152,-0.0585186327120581,0.517082999259572,0.0402635663394966,0.708653598675845,-0.0310193172845674,0.0363268056406521,-0.15914503904492,0.073775676076901,-0.0609789622273526,0.095621555974478,1.97896146960689,3.84223367566733,0.745629319437346,0.728276232165379,0.885183129204795,0.44213352327151,0.914996152004633,0.416345600684187,0.437599574202006,0.525057535675444,0.45044754103436,0.453148566351142,0.100319759963767
5-194930-A-1.wav,5,2,rooster,8.17717394582433,-1.14173742249428,0.0282167023524286,-1.6112146061196,0.179154509390991,-0.655381685360046,0.802964353772995,-0.512393185171535,0.177834727356637,-0.032355933961668,0.484164428403276,0.177515814477158,0.0468934196721032,2.15281215013111,3.17970089186925,1.18696053411123,2.52706916175625,0.712271681767195,0.742734877300077,0.502367274904125,0.599225480793636,0.452255605023586,0.470514876716452,0.380122609978934,0.6539813536913,0.0283419848895928
5-194930-B-1.wav,5,2,rooster,8.50931795568152,-2.41855262521966,-0.319205825384224,-1.45273395991843,0.223405283499158,-0.962104630357004,0.673033082000019,-0.340231917157231,0.571662313342115,0.12195882226557,0.478906555148037,0.406108318475366,0.0536136677698922,1.80388421477301,4.11193454138578,1.01738167740064,1.96140825392928,0.51638198322757,0.835749514834748,0.542501400421498,0.383529620280504,0.667850027088802,0.568080979003806,0.423339804133665,0.720338118280862,0.0243270138927686
5-200334-A-1.wav,5,2,rooster,4.92035276401009,-1.40326401760693,0.804775960021349,-3.62715710886445,1.29420287255024,-1.64217130946958,0.54968986596495,-1.5124460895884,0.286913948602211,-0.351569365384863,-0.192623396343317,0.132935925604321,0.110843242459397,3.05935859138918,2.80293547266532,1.56461779828375,3.66606055728281,0.977425667624087,1.71389654965245,0.752507612916298,1.62689281100764,0.803828853893194,1.0266399926112,0.826599808117281,0.882662235697787,0.141404603093348
5-200334-B-1.wav,5,2,rooster,4.12688435378648,-1.75529063243675,0.817921692885224,-3.44510430137905,1.18003268772245,-1.88636022645539,0.743816500324055,-1.56093271326271,0.177577494534717,-0.767567825065952,-0.371004986043407,0.0598010839446307,0.127252211426914,2.81833983441403,2.73951198131362,1.24470741882482,2.69972779527366,0.932255905703078,1.27774958360346,0.636821867781401,1.13682436913833,0.468341490935794,0.70207237657433,0.474903842939653,0.678211798345758,0.13763612023668
5-200339-A-1.wav,5,2,rooster,5.84500019336078,-3.23029276360381,-0.00814263082237948,-3.50118771708748,1.04620538419477,-1.85306314005678,0.15195781533266,-1.78529818291281,0.0475349828444124,-0.817437008558851,-0.187993368087372,0.0232328717898811,0.0747987964037123,3.42787367980468,2.92084271647652,1.29733680245316,2.61273139431936,0.800440621720238,1.13552589460952,0.310256633656575,1.1352420928842,0.378428981263768,0.664440144556199,0.390882579714275,0.50835924171217,0.0659596161225788
5-233160-A-1.wav,5,2,rooster,4.62616454221408,-2.10373863237457,-0.259088579768877,-1.61104191007321,0.622283266491027,-0.684429266891148,0.286850721359657,-0.804105893167536,0.188565473354818,-0.252913796762678,0.232626244710813,-0.0632601205075769,0.0324123586136891,4.53386881865406,2.95191574528311,0.697520491634395,1.73419010017302,0.947091809940823,0.809259585921423,0.426829306265503,1.00107658104452,0.617550394442946,0.355129341142776,0.516429930593093,0.782627248774199,0.0346474954236981
5-234879-A-1.wav,5,2,rooster,3.6388547355835,-2.05390331456126,0.894365513567369,-1.91244517767052,1.24614749112539,-0.615287951418859,0.969151227532781,-1.01217729755916,0.214116472976276,-0.164175347962681,0.280593620189966,0.0862212319030826,0.0389424122679814,3.88112304235294,2.54036325277283,1.34822195859507,2.15861967327424,1.38409079148019,0.738501401269489,1.07658469730164,1.11772372786651,0.43533040955063,0.436891020107115,0.438057970343054,0.377742495048287,0.044941339048721
5-234879-B-1.wav,5,2,rooster,4.35976396399058,-1.92059869083681,1.13452776336413,-1.91519812149847,0.859122468786232,-0.702541838850014,0.840677299255444,-0.935429666779893,0.376918814228048,-0.103124970861306,0.28127774921247,0.248983572876223,0.0334954140081207,4.49671258244758,2.24582896554364,1.49317896081127,2.15450054851861,1.00088802457093,0.773570910535044,0.9525598596884,1.04566486220432,0.580976219294758,0.507308101115262,0.415682393192814,0.412794384233104,0.0393879412744928
5-181766-A-10.wav,5,3,rain,7.07381686750544,-4.24516092969505,2.45773852561938,-3.96251279384409,2.49160089073276,-2.37975229152314,1.65966232070593,-1.68176415829015,1.17023730208703,-1.26956552358487,0.00395335590912247,-0.375285785905518,0.148318345247032,1.48282045771018,1.14748173429274,0.95563540832967,0.872445718060081,0.823154800160451,0.763238523543587,0.622988798292364,0.525581480980037,0.402075031552949,0.344078518956996,0.294096798862341,0.275028128723391,0.0362882995061797
5-188655-A-10.wav,5,3,rain,7.795614351363,-3.36040954579604,5.46882479638308,-4.03451718638639,3.20365793200831,-2.50630664660062,2.39332203084867,-1.32877323160008,1.3725615590822,-0.505031876498997,0.19455508299593,0.22676429362719,0.165143209618534,0.601679265436956,0.484536546683442,0.42966546529142,0.383058382359973,0.326178203890395,0.325755769129667,0.283006758539701,0.280615371942636,0.242625239509656,0.244454546451881,0.225845407262702,0.211437044384984,0.0444667429130462
5-193339-A-10.wav,5,3,rain,7.91016303754222,-4.42009885819825,6.38160811858461,-3.14005511929637,3.17933052541125,-1.93703195842905,1.86200525816737,-1.29965809765538,0.844647711219087,-0.525749376764457,0.125685551621809,-0.0897529524715522,0.153795092210318,0.416367882708497,0.497698027088578,0.410206630904919,0.345078731515624,0.314066478738537,0.285436093243023,0.281499265515994,0.262673339311824,0.23844924668058,0.237393693954301,0.219214655442167,0.213744139610646,0.0391924785259849
5-194892-A-10.wav,5,3,rain,9.55900741753668,-5.24220460705157,6.34465628682272,-3.76722187093783,3.02996789935146,-1.71309123255304,1.28382747061228,-0.948550675129009,0.797966317441407,-0.263003837774837,0.146029729340015,0.157163194554353,0.143321949211819,0.810196927014126,0.66416570596212,0.471044160744112,0.37732824129185,0.339410288680464,0.380785257245444,0.428289197145457,0.430129094548685,0.441823286140272,0.427261495694243,0.406761140919789,0.342042459991651,0.0400750021374259
5-195710-A-10.wav,5,3,rain,8.53842363173411,-3.59220828837236,4.21782049892197,-2.84923866107503,3.30862356779075,-1.83979786869273,1.75944944275833,-1.19941911455281,0.954715060159863,-0.541214841598347,0.419502505276028,-0.0672218049865385,0.094032239490924,0.453819149974972,0.380139441710117,0.354867796163123,0.311027100504226,0.295257234988106,0.283527581048095,0.254854165843888,0.256251164252622,0.276595462377667,0.217371563165747,0.23013328544603,0.234328431130713,0.0377051073119408
5-198321-A-10.wav,5,3,rain,8.33004840157407,-4.96464347750234,4.23129402296999,-3.62475409637218,3.14826722245331,-3.02058239047546,2.17558643918543,-1.56461688581604,0.800762633663041,-0.825869294943726,0.288817633004359,-0.177807275647574,0.148336844888768,0.408064672477679,0.379191140804456,0.354796618351284,0.296505582936901,0.267870525176077,0.25559072386237,0.269901359695613,0.240994743762683,0.227014453157231,0.210566708979544,0.204497754104121,0.248028505778142,0.0208587073000298
5-202898-A-10.wav,5,3,rain,-0.244302438622699,-1.0553066674498,1.13778927847756,-0.277986717883513,1.59844610516283,-0.00991733690050111,0.947395350504385,0.471261124009819,0.429646398429939,0.213064334934906,0.440515818254281,0.0598335839681193,0.334541123584004,0.504035973460656,0.408600047244515,0.407467646770897,0.345835525907192,0.336767719967298,0.318681707966481,0.341010200969302,0.294068457260912,0.292791402963065,0.288470141005175,0.337763127438444,0.289981017149062,0.092430622257728
5-203739-A-10.wav,5,3,rain,8.07625746146551,-5.2381448740707,5.01669187948491,-3.46464960825129,3.05266320777175,-2.4239145394253,1.87227213326959,-1.29795567181561,0.872567926032366,-0.659117994697909,0.201414388112011,-0.284464512989652,0.165502646461717,0.802349289291175,0.456500067083518,0.51836029497595,0.44417141734716,0.387113304633394,0.370995953400033,0.319947451116223,0.307534611295896,0.301065222170783,0.255852982619077,0.262854194067646,0.260246302151021,0.0381139022236318
5-200461-A-11.wav,5,4,sea_waves,9.64544958549056,-4.91662262637882,2.77416101831684,-3.90793033064803,2.00661489419143,-2.38819278501902,1.55472516446091,-1.67036461330471,0.78942715635285,-0.870155525686726,-0.0140949120677587,-0.297240782641704,0.0801149376876621,0.361737119889547,0.812350895754472,0.358792152657883,0.430411142653217,0.30528725332075,0.314481749930631,0.273515736661226,0.280106708200379,0.234135349701486,0.248691498273502,0.238852977098572,0.219898953476743,0.0169378319205468
5-200461-B-11.wav,5,4,sea_waves,9.66220841299323,-5.32271677304759,2.92787357491301,-4.24904344808567,1.92454104262977,-2.68258593736445,1.55937081580787,-1.86705638192505,0.658868619920833,-1.04834757789423,-0.0595383252222513,-0.430194509501926,0.083221438045926,0.568398750393263,0.459994356650797,0.345294945000026,0.436517132679803,0.28540573406538,0.367456479032024,0.27389329640047,0.270880915144819,0.237935686886729,0.249645974468086,0.221408305546876,0.233122714018385,0.0184678538380264
5-208810-A-11.wav,5,4,sea_waves,9.0128307377915,-6.02482895334118,3.15026649218914,-3.94804657603653,2.45752029043447,-2.91032534108576,1.98643928483246,-1.77856139450213,0.811619498288569,-0.71063550743969,0.227267617500326,-0.143979848636821,0.112300155887471,0.615603230044306,0.641291446502612,0.442653605633286,0.455830767345607,0.348650850058909,0.408021507095945,0.316722376248627,0.349509281465754,0.251539776682904,0.285032984756765,0.25212862498253,0.256623065923001,0.0177605819146685
5-208810-B-11.wav,5,4,sea_waves,8.84293544764511,-5.81959993716224,3.12272157190494,-3.89921136670233,2.43644039511293,-2.91021644905905,1.9297512423919,-1.79534982749423,0.778150829984616,-0.70542344320681,0.151918192243567,-0.181525696216943,0.11583566666951,0.554907229729888,0.578203276031568,0.403751085469338,0.434073501717674,0.312907396238266,0.405488026800807,0.294489975857535,0.316162516599418,0.258514849464533,0.290678971606017,0.254209217016234,0.250128738534184,0.0203782619905361
5-213077-A-11.wav,5,4,sea_waves,11.1541862390624,-3.2199600639782,4.74151993184245,-1.32565907969257,2.93976741641744,-1.39962581107877,1.92826343036248,-0.67222889429226,1.111511725413,-0.715864265807022,0.416029767358171,-0.113506694965623,0.0254744864883308,0.571192926117476,0.524319904781076,0.386918785208634,0.490479150719239,0.46880886412692,0.449970099646115,0.326150800804642,0.27773508756804,0.279345721315396,0.225201017896398,0.214524149172244,0.223267663796195,0.0157713990112253
5-219379-A-11.wav,5,4,sea_waves,9.73747927528469,-6.13131350804238,1.96728689578296,-3.47832079446575,1.16895383818703,-2.31887106989408,0.867193470196154,-1.76810559156732,0.546406541199035,-1.15708161366728,0.0139588261845596,-0.108699458746871,0.0884418556793367,0.960168954777249,0.969639436367382,0.501759672018867,0.463621006973491,0.369917192577182,0.357902953584333,0.32287047413489,0.301648672758291,0.261561215844955,0.276171059054434,0.228631726749878,0.212932352345862,0.0174650748566492
5-219379-B-11.wav,5,4,sea_waves,10.0685577993983,-6.60681333563782,1.8947546844731,-3.55353478751891,1.18145537742722,-2.42124412214816,0.823849869536427,-1.88786480248445,0.479450300880652,-1.14943627540518,-0.145221400833692,-0.128772574523,0.0868786626091852,0.579682964039615,0.563008302222214,0.424654045407086,0.419797749734314,0.280127528281206,0.300928795141912,0.277814787843666,0.271738514757601,0.257353461276118,0.303065083875891,0.239847917942528,0.211192388688452,0.0133282394975481
5-219379-C-11.wav,5,4,sea_waves,10.4213356699125,-6.49342539404497,1.88627505993525,-3.79186869020838,1.27247031511908,-2.62813569927605,0.886038446242088,-1.91775523322688,0.474246010521488,-1.14618132423436,-0.0535987247407864,-0.13125846528909,0.079077145105432,0.486163244182676,0.796998688589382,0.333917672464547,0.383978250981876,0.280876560944046,0.282786591497778,0.262048939019258,0.262674869252974,0.222786936423476,0.266653063684068,0.219042034569341,0.220582445456348,0.0129225651484439
5-186924-A-12.wav,5,5,crackling_fire,10.2403456611179,-2.14404782108289,5.57183299071603,-0.946187946210095,2.88437001200144,-0.671496022049369,2.40520271503424,-0.482313665370907,1.10253402077451,-0.683018741447962,0.528375876670155,-0.00582076960567489,0.0117709435137164,1.48128977159248,1.01805950404695,0.776060589953259,0.785262268156973,0.703815798005133,0.644278277868027,0.533652589243667,0.463129797379623,0.379460421925255,0.358073865507358,0.327330710580452,0.332863675690508,0.0116516750586656
5-189212-A-12.wav,5,5,crackling_fire,6.22742858246125,2.33757774857006,4.2839735033294,-0.889149880292263,2.9656126274775,-0.794284540533072,1.96006714388448,-0.350698980281377,0.940081117425145,-0.389797020744766,0.333522706002946,-0.307885155958889,0.0320772058823529,2.22845591046576,1.11313797165703,0.830596277552383,0.875424356131889,0.717331600964705,0.703705455471759,0.646329128068447,0.497442606774866,0.448612201769142,0.403846177578278,0.400751088158006,0.396501561868258,0.0392585088287591
5-189237-A-12.wav,5,5,crackling_fire,6.21054015818653,0.696308265332971,1.70532215518237,-1.18792298442068,-0.275300450847391,-1.18284281783388,-0.0362272765492755,-1.18111672880053,-0.129185217933908,-0.708233433484101,-0.173860465066906,-0.578959800526008,0.0623102054046677,1.52883479929422,2.0348283907289,0.644749426625363,0.579635370282876,0.568050301067496,0.457199698447467,0.368604577359638,0.361963747023894,0.310403941266823,0.314582366241331,0.336663516671829,0.329251307248088,0.0548939439257821
5-193473-A-12.wav,5,5,crackling_fire,0.974775508978445,0.456187867349899,1.90516736208355,-0.625921732405327,1.06641542526813,-1.02312702320902,0.400992187137464,-0.472564735378873,0.01409503020492,-0.433136284958265,0.481201153842192,-0.546651260826074,0.351242621468541,1.2163920431699,1.05533761164682,0.611983369214639,0.540557292177412,0.565823812874226,0.413118494453225,0.385396049907762,0.376504423454211,0.425156755110163,0.356398778773149,0.344884888632819,0.365307245695954,0.084671907467136
5-193473-B-12.wav,5,5,crackling_fire,0.172076136501852,0.142337291143094,1.76843646709738,-0.800491060924772,1.04179955444225,-1.09690269985313,0.34288119979137,-0.491283227510755,-0.0117715665681764,-0.470837251179042,0.464499494189617,-0.606921136818253,0.405473761430326,1.31446171367294,1.07683299589831,0.557869341711204,0.500733977988491,0.503205747095966,0.394096612161753,0.361450741842176,0.373809569672654,0.377320104957941,0.357208587876923,0.311238469578426,0.313543271864296,0.0604705489419221
5-213802-A-12.wav,5,5,crackling_fire,4.85264869870615,0.34960824340842,4.38474751525279,-0.354195043732809,3.34143550023026,-1.08278498264526,1.80497876219066,-0.69751985984515,1.24555335878512,-0.928460432424479,1.52478157955504,-1.07398824416849,0.0650195765661253,0.890609109338153,0.749907330482464,0.676763711845707,0.567784826135599,0.603986551166006,0.529605290283924,0.523731954887978,0.473126487456728,0.431122980111225,0.354554351068084,0.365200415893445,0.360531490034636,0.0520646250241428
5-215658-A-12.wav,5,5,crackling_fire,10.2083722775845,-0.602193390037291,5.4070711749615,1.00513933494569,3.20069457814094,-0.216750431797527,0.437898884763915,-0.794866313424556,-0.240901258357604,-0.51024207433389,-0.18472131821449,-0.121327195503195,0.012643252269005,1.08663223522223,0.996595561820714,0.733394789524501,0.491974913253547,0.404731921786573,0.447227014115585,0.370695271035177,0.459036747151204,0.331678345289638,0.307620018582123,0.300501624085013,0.258590779407814,0.0153551233718819
5-215658-B-12.wav,5,5,crackling_fire,10.5167927214169,-1.14826792108886,6.38912599592178,0.500286900315596,3.69700353200919,-0.669341111277502,0.770095472794076,-1.04849789427969,-0.0571092618463904,-0.574750595339754,-0.107445836105899,-0.0647779824341499,0.0113245530230654,1.28969772036156,0.978927324328013,0.682015057174821,0.569566031156238,0.535304089774181,0.430932426877089,0.438424255866763,0.438718143088003,0.347077572289733,0.320321211348999,0.339488314318724,0.321874183403646,0.00967016350161118
5-151085-A-20.wav,5,6,crying_baby,6.23036737363025,-5.86997330963124,1.34322564383972,-3.84917438556865,1.65274397858088,-1.85585863094116,1.65272906477455,-0.355047539264176,1.03460278608065,-1.50317072031974,0.148384933207246,-0.476902941306709,0.0925862552460079,1.5664312659412,2.44533808520291,1.08354083355262,0.986141689541441,0.811635286934774,0.742530704202185,0.458560332755805,0.801887285499791,0.606653252583871,1.16383877937554,0.529024062909344,0.601643153227267,0.0426551411418558
5-198411-A-20.wav,5,6,crying_baby,7.03475302899692,-5.2857084007792,2.7482821562552,-2.55880583968912,2.39670972262754,-1.33504674040987,1.36849738469651,-0.563886652843629,0.555797308986391,0.710991396910956,0.270627927672093,0.801648078784126,0.0781345430428552,1.31109898247299,3.04492135325609,1.0193821024859,0.978340560423031,1.25284997375549,0.761519104805545,0.617050213310944,0.497569305427841,0.761683652488209,0.774184096763659,0.595869270313016,0.80394091269034,0.0413095847450449
5-198411-B-20.wav,5,6,crying_baby,8.45119245308744,-3.49231964531448,3.3514958432985,-1.88727195664244,1.30691603443968,-2.07892277922086,2.0254126456891,-1.23949944055489,0.961446149813736,0.735703450432094,0.0592727963535203,0.489851123010138,0.0588506657738501,1.71799815704261,2.13781882283345,1.28813081102155,0.919648578153298,1.50646839689622,1.27595666485241,0.851278539508652,0.917844341868103,0.528218939954689,0.473531727232021,0.629754505327644,0.508228628077926,0.0398061288153057
5-198411-C-20.wav,5,6,crying_baby,9.64195359378031,-2.00019610188921,2.69101595553945,-3.02553621270609,0.585689175201879,-2.29722205133041,0.959333330869843,-1.5501244896622,0.418037719762177,0.655344392555346,0.817931093330076,0.561046099922617,0.0319027654565306,0.925027629035143,0.77947796690515,1.02063654451707,0.92798864282612,0.565748805544437,0.643155398447623,0.582601411593906,0.446994801454021,0.706838846001697,0.634605076206609,0.422952526367934,0.471699837896333,0.01250202593556
5-198411-D-20.wav,5,6,crying_baby,8.56340022223013,-4.78475174108819,2.69915941731332,-2.74794451865553,1.58201601119992,-2.43705872958513,1.42835805316486,-1.25230728818488,1.19321289201801,0.883676848443754,0.120675095230391,0.734649694397753,0.0713887579756381,1.11924207838768,2.53077228555602,1.16107436000112,0.901876546511534,1.44351956610239,0.886216152404534,0.795777421133913,0.538924335066653,0.60748622344125,0.521708593152232,0.602385447728837,0.546578757548082,0.0344188484746407
5-198411-E-20.wav,5,6,crying_baby,8.89536670778844,-3.48034959435931,3.307959284976,-2.36451352138354,0.612303084960977,-2.86554388153384,2.47714832608069,-1.55031624078985,0.849399286384769,0.727832170790532,0.0714220900638712,0.841222300266804,0.0551888562849734,1.90510627668106,1.03009828024806,1.05412749015453,0.829340147757009,0.756512923958193,0.706543598743948,0.949760237671292,0.61419942357819,0.635783585507509,0.660428116416866,0.736803341377649,0.479686512247187,0.0323230755813214
5-198411-F-20.wav,5,6,crying_baby,5.95262298651707,-5.83744010181698,1.73734401344252,-1.94654840898562,2.92630973818853,-1.35569760680472,1.54537842276188,-0.93892735901483,1.13016894249349,0.822500286383881,0.705384153330545,0.244388551783719,0.0942877158113826,1.99591306080101,2.62025873936698,0.922183990527487,1.07755645520027,1.56629295876363,0.764970336530269,0.557649163220687,0.7713884987362,0.507579543860954,0.459142031950718,0.756671877192093,0.74306921643295,0.0357530363233504
5-198411-G-20.wav,5,6,crying_baby,9.03793618248697,-2.58071387988384,2.89263027428433,-1.82872964948139,0.872371612877734,-1.9793853724251,2.09383998443846,-0.958619476610488,0.820647906035045,1.40565763350633,-0.0239036791072709,0.722604023297794,0.0455746404565306,1.35034311122594,1.48856176179737,0.895310559852902,0.943662527090004,1.21336140485917,1.02323159644005,0.869804005056683,0.562576925774244,0.796678920526528,1.12243448450463,1.03262308493128,0.569756327884264,0.0258201657365289
5-187979-A-21.wav,5,7,sneezing,2.33399050053542,-0.68885907896315,0.762408459307453,-0.640537721006151,0.542490892142042,-0.584243056462206,0.350681210238538,-0.512870937954298,0.191975619695252,-0.215619385224132,0.184944899924809,0.0137261074822914,0.0593867821925754,3.03284692698636,1.59465379744146,1.00954275036597,1.11418466876227,0.762805209918487,1.02047117723397,0.614948466486273,0.975540811236294,0.584252641695327,0.627403802623304,0.491270533112506,0.408942158460035,0.0871060465541622
5-194533-A-21.wav,5,7,sneezing,3.81991957176914,-1.36152751223274,1.69288213309219,-1.15599610991406,0.893424725794515,-0.767653827419788,0.897103323943418,-0.535485657208845,0.474954632513583,-0.211549837869339,0.516687950681432,0.0528550040563452,0.0829489281936673,2.66430535472102,1.42800733038197,1.44134799696005,1.31018538411802,1.04529379517192,1.05728238874694,0.7988939788259,0.638206466140903,0.604870165819031,0.409185782458655,0.61792083429249,0.426600403372459,0.104915791712725
5-201274-A-21.wav,5,7,sneezing,5.84404071157899,-1.42456125550312,0.01098820794724,-0.913574953924693,-0.24172707944543,0.102114617208483,0.0636782717340419,-0.0687075862405999,-0.0111151895398847,-0.309858465575433,-0.237480063809325,-0.604674676713953,0.0353571603743005,4.27626507824472,1.94394144937996,0.821901803224569,0.949054061124222,0.873048442057512,0.711241408448243,0.398591121298657,0.576816427059243,0.28707497110752,0.448634257748553,0.27549883166456,0.479328362956914,0.0284985392531748
5-202220-A-21.wav,5,7,sneezing,5.88815717849846,-3.24025928756308,0.742191725853339,0.0651515582834145,1.5909285251231,-1.05721600121577,0.784339403878778,-0.0017536166330404,0.716569265517625,-0.0557024089891406,1.02807675783437,0.364402610349536,0.0829422640575952,2.01923074154484,2.90009896721778,0.926719151010128,1.17672012575992,0.702367871530843,1.23089360631871,0.630884814152802,0.659769842763872,0.595944258174381,0.669510861163995,0.595030130189716,0.536785181938203,0.0544034069209755
5-220026-A-21.wav,5,7,sneezing,0.959772113172818,-0.870509481230629,0.208743329810144,-0.121862271392106,-0.10333225121145,-0.311024137539062,0.105226908427968,-0.214389396040509,-0.0723062243031081,0.0144518586418379,0.0493565779728723,-0.0263661820432636,0.0403993256960557,2.07394760188722,1.94971976462049,0.977729953968501,0.885007053820427,0.693368484325286,0.826270137002105,0.426982657344823,0.5843752549257,0.514150577383567,0.59600091809639,0.444986946795677,0.455816305851843,0.0889772144580913
5-220027-A-21.wav,5,7,sneezing,1.55542237441604,-0.77366268945113,0.613909173838894,0.212592869651574,0.0564056210328601,-0.0580660033907822,0.340813526036166,0.0883266204253766,0.32623816353319,0.312983848174086,0.0861618230750546,0.0682780988449329,0.0433516712587007,2.4588225046512,2.42413091672692,1.44824232616479,0.944970287528629,0.964308047455367,1.0458138390847,0.867097408230912,0.888185774104055,0.92957711551427,0.990650706083872,0.785937019474186,0.817227093411373,0.0838323326262204
5-221518-A-21.wav,5,7,sneezing,5.21540135400683,-1.36603567017486,1.7086515015002,-0.324125305323908,1.03324152216311,-1.26947257022348,0.822510991703249,-1.27945852323858,0.880764534213151,-0.722405174254596,0.968406863543676,-0.624389916287297,0.139017876944861,1.41010801665739,2.82326236577459,0.991973693961611,1.20110177367307,0.869506272323705,1.39720519537602,0.882228580581083,1.43287067070771,0.781224206295346,1.08388560529325,0.802282151208198,1.05083229327787,0.0634041031990396
5-221593-A-21.wav,5,7,sneezing,1.55401831252953,-0.53347541884069,0.171412296171516,-0.291848985005277,0.252102351507325,-0.214487965852648,0.00806720473346828,-0.185531738325596,0.0949624544919598,-0.0454647775791718,0.0688566243832652,-0.0658060916515917,0.0152760658352668,3.06553040451712,1.71185627614646,0.502985031295345,0.967449598382093,0.592416485190355,0.681645569740125,0.333115598794405,0.470774550179219,0.448944013509287,0.290263856950338,0.455942546704034,0.244032503624767,0.0448412920874022
5-201194-A-38.wav,5,8,clock_tick,8.26130480855998,-0.769888041140079,2.3980564760274,-1.85865421757123,1.32392800889201,-0.210491200884134,0.577387154221079,-0.22710441677656,0.0072164295364395,0.667706761705887,0.283935053527662,0.402035380304371,0.0488258591937355,1.17368029722664,3.24319107706506,0.629097626474142,1.89898233336924,0.593643339016825,1.15066590724476,1.05098017912733,0.545934715499508,0.68264591003428,0.46750680235044,0.496772491680054,0.398063210816093,0.0513399009290325
5-208624-A-38.wav,5,8,clock_tick,6.76391922947729,-4.98690189889793,0.614846266793636,-3.40252888851648,2.08854792343673,-1.35170579357407,-0.847625936113496,0.00649169322216546,-0.64797811436233,0.82430838837174,-0.956193834347738,-0.297680728653413,0.120883030017401,1.0368177228138,2.10211995334459,0.45984518776899,1.38559750544157,1.04623662218546,0.54916016128115,0.453845292791835,0.493888499548521,0.503109150905977,0.668720790204732,0.383171877215549,0.340212337066654,0.0331748881350307
5-209698-A-38.wav,5,8,clock_tick,2.8164226704152,-3.4691015622823,2.63512616425414,-2.9982276887033,0.473979779238636,-3.26088693336312,1.69337910976301,-0.458157456093486,-1.58912571964886,-1.23268614292892,-0.293580014644007,0.29991847890935,0.224164663871639,1.46491687421058,1.34344083909936,1.15926102655705,0.590758504794423,0.907168404373106,0.861963662946669,0.792059874092706,0.576648525786277,0.492872214086174,0.537048015412132,0.503365516370669,0.449397176297144,0.0715642607844096
5-209833-A-38.wav,5,8,clock_tick,8.0077105692714,-1.45130920771425,-0.279153908662245,-2.48309544471866,-0.388891014819103,0.315369710612655,0.824977691374787,-2.39096984691548,0.0253664429651912,0.650110595998832,0.638215364524739,-1.93818085482432,0.109935560469838,1.33716845152125,2.89117972189534,0.905378930638637,0.715197238509195,0.922065294422533,0.942035406719076,0.663787871081241,0.767136675198343,0.589606694700696,0.846766558097516,0.638141753749929,0.645680924023576,0.0457860738290309
5-210571-A-38.wav,5,8,clock_tick,0.754365331426971,0.489372270970771,0.046190198163977,0.292661496676888,0.0407081303747759,0.233484918597217,0.21009969563254,0.121187140094642,0.31638494029815,0.0408287816992357,0.464073654049378,-0.113154167012952,0.358249240821619,2.84814539103162,1.14414099793509,0.687788303218134,0.78409591450001,0.396362825851156,0.523725998834783,0.362015970405319,0.41934845754095,0.320462622423432,0.307387910236646,0.325027685473953,0.266803742509296,0.17626899074477
5-212181-A-38.wav,5,8,clock_tick,7.12049609374,-0.041683185647147,1.08497187639198,-1.00804706621052,0.715826348622576,-0.159402462719757,1.12297782908308,0.33368607952675,0.625088126556613,0.339049198698915,0.202429473898703,0.217652133523349,0.0551827252797871,2.21295482548782,3.21069133615503,0.716167658502827,0.860796843305683,0.393643057315933,0.501555567607695,0.322548333549613,0.390292686672015,0.538512182131125,0.41248966308324,0.385414143155057,0.465625701908593,0.0404110781737664
5-219342-A-38.wav,5,8,clock_tick,6.86939009991515,-2.42426196031941,-0.629185978286568,0.952943925507246,0.618623038606081,0.0182334134941251,0.680657669199175,1.20052492108405,1.52688325333161,1.19412546138635,0.634588648073633,0.614124277111454,0.0534148632625904,2.64659030514869,3.62395238310228,1.99340971072979,1.35620957038646,1.23566361277289,0.779766210545381,0.525458889074874,0.532461013515724,0.641865163236708,0.623735296310652,0.473104941434254,0.426089043949528,0.0311359562996648
5-235671-A-38.wav,5,8,clock_tick,7.72934805121658,-0.811985160017563,3.05852060058844,-0.695451308457697,2.4664951748383,-0.273228133497844,1.88568125030532,-0.20329650143404,1.00347394488412,0.205596279142556,0.803887454627769,0.564805026654931,0.0128516531322506,0.719733440703893,1.52889000816585,0.424957224877922,0.564118211865284,0.380288628894176,0.300400174150637,0.306693900554741,0.338074963274429,0.357352756851323,0.274468787447277,0.323963409217914,0.233149022901029,0.0199852497377645
5-177957-A-40.wav,5,9,helicopter,11.306551728832,-0.336263293092665,5.2011392207454,-1.50571809121097,3.2723969822788,-0.938863271321394,2.18946728779815,-0.785418339466847,1.54676588221419,-0.380319504793281,-0.178086520130326,0.999585076324406,0.00566227651153269,0.723113827557477,0.255200237839264,0.27497746154697,0.27123415099392,0.240312622138454,0.341588257871229,0.302252535616231,0.288802111424661,0.412119797274567,0.436363216831162,0.304848013122973,0.305251709455997,0.0067276766183745
5-177957-B-40.wav,5,9,helicopter,11.2779575575014,-0.710853719262058,5.76015723757654,-2.24789060968324,2.83790247112138,-0.854394276724887,1.73368694764721,-0.426242935575076,0.787813465184254,-0.823962332661524,1.33595067916104,-0.658134204916006,0.0131960556844548,0.808635117823823,0.374466790687346,0.476069535232486,0.49585445294573,0.366074610081001,0.341906026653061,0.250033709824551,0.242257142797408,0.243377720666342,0.236872606363114,0.359258035430155,0.309275356075702,0.0127439064300142
5-177957-C-40.wav,5,9,helicopter,11.0228155384714,-0.999747547271102,6.29674577918349,-2.80469248575918,3.14933971488047,-0.536841795883266,1.62987769737744,-0.445920072032579,0.340697928736282,0.992116734112561,-0.216405696779806,-0.322684215953784,0.0134883713491197,0.627037368159002,0.457075569238454,0.469897801768403,0.619998977660274,0.431783337659996,0.334563186635606,0.301903038618664,0.316989198652161,0.284557355837293,0.482818711435046,0.653956173739134,0.553504127339421,0.0123603045062257
5-177957-D-40.wav,5,9,helicopter,13.9116313441082,-0.398261311123987,4.89995962318396,-1.53343996413085,2.38236951448946,-0.212445072967074,1.12329901769806,-0.684450013814745,0.54109187948599,0.00783098877680488,-0.181164657767462,-0.174997558196056,0.00700139467039716,0.410729974022695,0.424750080795684,0.389544035068147,0.376441073386612,0.313425847127552,0.267234287424294,0.219050950733626,0.261855697581002,0.238660721620955,0.250431950137173,0.313839447846095,0.322729845114885,0.00253950745397427
5-177957-E-40.wav,5,9,helicopter,13.0761034695712,-0.555556846377583,5.14277907937036,-1.70486480911169,2.88562406647705,-0.433057681549788,1.0279728615617,-0.711443069822383,0.944244237287728,-0.435000871163634,-0.203461971774086,0.3294393280422,0.00720531723420227,0.605898014919186,0.394324252015083,0.368151602169844,0.368165018802709,0.290144345930122,0.259508316594423,0.23539402790492,0.266956540234462,0.297950168506925,0.300055771832365,0.249892468664541,0.335005773097779,0.00338986750853765
5-191131-A-40.wav,5,9,helicopter,15.9020067992559,-2.22669296046616,4.1876686628239,-1.96275983219898,1.6535743354678,-0.291695579348743,-1.32253578078098,0.951267476743244,-1.14766832215416,1.09950413946878,-0.551220216841369,0.0382113725531095,0.0155843221134161,0.597190681991334,0.529487740263481,0.549677322735465,0.436111433519296,0.417356959708866,0.30500505396552,0.283347057833995,0.286312963442413,0.288137530075221,0.304681467211525,0.284477298306079,0.264021027014616,0.00658464990856621
5-205898-A-40.wav,5,9,helicopter,10.2483747101819,-0.426720280256204,2.94694453247967,-2.6673274148112,3.14610826392619,-1.99447701643037,2.42991491008113,-1.39204984276444,1.34853210531908,-0.913202360544386,1.07512975886386,-0.236331751061838,0.0385164673467995,0.542093409348041,0.505617358784463,0.398841281837166,0.367084339073397,0.301643285281275,0.308466323356405,0.291537331897313,0.235305288783195,0.302839303317352,0.269581256346732,0.311576003974358,0.256515622900289,0.0276460763870388
5-220955-A-40.wav,5,9,helicopter,12.660706004299,-0.118230646331261,1.91538294847648,-1.81939479706478,1.7558727710896,-1.13281917382664,1.11833937089571,-0.618712044569725,0.660751203777793,-0.197510708616373,0.14098511039069,0.0162329789239648,0.0123735680104408,0.727994883723097,0.710558844601911,0.609263451597647,0.383632860559658,0.372038399289938,0.338959214515719,0.333390525676181,0.261968695327863,0.310875273658398,0.288782446371137,0.27641493699676,0.272926241009393,0.00951768150868001
5-170338-A-41.wav,5,10,chainsaw,11.808327156517,-5.07071783903071,4.3702366936692,-1.96686231064807,1.58942710216092,-1.77667661290971,1.22769083775166,-1.1763919955979,0.730607650013104,-0.599413969550154,0.023039599611965,-0.211210041538481,0.0526718387470998,0.347192316249596,1.02541157469701,0.469063616281631,0.449080532876817,0.292183626740192,0.283342165741988,0.279118309761028,0.294754678848246,0.281907881266075,0.241250871474789,0.266141948538849,0.225646566935718,0.0210919368876512
5-170338-B-41.wav,5,10,chainsaw,8.92593709180718,-5.57213090905242,4.54930700649333,-3.51920323665351,2.61427260839899,-2.59586532538709,1.96346107751464,-1.86394688039007,0.967889691999106,-1.01152698616543,-0.206097015798751,-0.564587421372744,0.0896178091306128,0.444177359707144,0.476235320359906,0.339146937799129,0.330071879596037,0.335278331792061,0.315077716886749,0.270999216293857,0.315360735708154,0.23530227063416,0.332014802446776,0.276570537144424,0.275091711128417,0.0312044990318568
5-171653-A-41.wav,5,10,chainsaw,5.76511886948202,-1.54251572169284,2.26931857402703,-1.48703260672645,0.814010774598169,-1.18622500146931,0.845027121640739,-1.36356032796061,0.661866367810091,-0.861207625929642,0.18457431593396,-0.822997417521193,0.0858106148491879,2.58035973423379,1.25717085269495,1.18412989259376,1.18516229338007,0.633171223281379,0.932835835231668,0.62185169177468,0.954697347105871,0.597323081931772,0.689539552875302,0.399117096979735,0.824325399615726,0.0625183843829514
5-185579-A-41.wav,5,10,chainsaw,8.23887196019225,-4.19019611408818,3.76357931505605,-4.18606269041036,3.0787018816464,-3.06021851683434,1.96163547695486,-2.07212743774291,0.783337927419497,-1.04224713943986,0.305972018477349,-0.4013724641367,0.119365392981439,1.27534178710455,1.57818700631053,0.458089095807583,0.812881652814698,0.618861230127277,0.492033149786363,0.653657976119902,0.502527807592372,0.237396932403491,0.472533858712336,0.311783822319065,0.34605954107115,0.0529321741407339
5-185579-B-41.wav,5,10,chainsaw,7.95700782361363,-4.88440588965102,3.74957876055342,-3.97710333477742,3.65458898822846,-2.9203401370414,2.16388621844048,-2.32315239365677,1.16587242087368,-0.750859619120806,0.53739614994013,-0.6343897599105,0.0717403844513443,0.635276574948635,0.820640407815577,0.41991513560995,0.438375929481268,0.420893172159616,0.286545954798264,0.398023306342956,0.276508276094745,0.29341711918727,0.317370437538109,0.351660664334612,0.394010498791169,0.0207742329981548
5-216370-A-41.wav,5,10,chainsaw,7.68775650119034,-4.36038079284272,3.87271094558123,-2.00407002250226,1.42244057232067,-1.981672839766,1.28875467836739,-1.60031290176129,-0.00758826178266429,-0.579082932954904,0.331810567088456,-0.608892818312839,0.137069123618125,1.64261298035642,1.38727000314947,1.13979372180296,1.02003566259065,0.807105916341563,0.851165437499979,0.720845677123314,0.670084428938816,0.598316613806405,0.484238816825737,0.398624802030007,0.450209363932759,0.0372756251055079
5-216370-B-41.wav,5,10,chainsaw,7.91057786986035,-4.8998284264387,4.46983904378032,-2.75524962438084,2.25578162338267,-2.27700533054474,2.41490974458303,-1.89646934262692,0.831945980126334,-0.936472786424706,0.76902449621089,-0.885802643119598,0.141514555539443,0.730867736821355,0.81069434030072,0.570281241322211,0.601474304961115,0.569618806650449,0.449865462447671,0.623297523212282,0.369100592442853,0.436874529685214,0.332131358380333,0.31430969694326,0.411864137354331,0.0240110727212722
5-222524-A-41.wav,5,10,chainsaw,12.9681779628506,-6.4447758363382,2.3821910459488,-2.16609629842006,1.68091188130406,-1.79139433771978,1.57464082672232,-1.38492592678655,0.596831348365838,-0.661733277366709,0.362043734992468,-0.186954451789616,0.0709114192370684,0.577460323367704,0.469206115810623,0.395043902511348,0.339846510123389,0.362870354497278,0.269148165401383,0.262082895737316,0.231452202330505,0.222542779579186,0.181818823603738,0.185402767781129,0.228777127997527,0.0104928253103038
